Rank,Ticker,Nombre,Mercado,Sector,Industria,País,Moneda,Precio,Rules_Version,Model_Version,Config_Version,Evaluation_Timestamp,Score_Total,Score_Cuantitativo,Score_Fundamental,Score_Valoracion,Score_Causal,Score_Recuperacion,Score_Tecnico,Clasificacion,Clasificacion_Base,hard_rules_applied,Capa1_Pasa,Capa1_Status,Capa2_Causal_Classification,Capa2_Causal_Confidence,Capa2_Problem_Type,Capa2_Justification,Capa3_Recovery_Status,Capa3_Recovery_Signals,Capa4_Status,Capa5_Final_Classification,Capa5_Entry_Zone_Min,Capa5_Entry_Zone_Max,Capa5_Entry_Zone,Capa5_Exit_Zone_Min,Capa5_Exit_Zone_Max,Capa5_Exit_Zone,Capa5_Invalidation_Conditions,Capa5_Estimated_Horizon_Months,Capa5_Short_Explanation,Capa5_Summary_Explanation,Señales,Div_Yield_Actual_%,Historial_Div_Años_10,Consec_Antes_Corte,Recorte_Reciente,Payout_%,D/E,Vol_Medio_Diario,Net_Debt,Net_Debt_EBITDA,Variacion_Deuda_Trimestral_%,Tipo_Margen,Margen_Actual_%,Margen_Medio_4T_%,Variacion_Margen_pp,ROE_%,Cap_Millones,PER,P/B,EV_EBITDA,Caida_52s_%,Caida_Max_Multianual_%,Dist_SMA200_%,RSI_14,MACD_Cruce,MACD_Convergiendo,MACD_Semanal,MACD_Semanal_Giro,Estocastico_K,Estocastico_D,Estocastico_Giro,MA40_Semanal,Dist_MA40_Semanal_%,Base_Pattern_Detected,Trendline_Break,Technical_Base_Score,Technical_Bonus_Points,Vol_Ratio,Soporte,SMA50_Girando
1,GIS,"General Mills, Inc.",SP500,Consumer Defensive,Packaged Foods,United States,USD,37.21,1.0,script-v2.0,1.0,2026-04-02T09:08:10.902923+02:00,90.7,92.5,92,93,0,1,85,seguimiento,seguimiento,Sin señales de recuperación,True,pass,pendiente,0,desconocido,Pendiente de implementar,ausente,dividend_maintained (baja): Dividendo actual 6.56% con caída del 40.6%,fuerte,seguimiento,35.64,37.21,35.64 - 37.21,46.51,53.22,46.51 - 53.22,Pérdida del soporte en 35.64 | ROE negativo durante 2 trimestres consecutivos | Ampliación de capital dilutiva | Recorte de rating a bono basura,18-24,"General Mills, Inc. está un 40.6% por debajo de su máximo 52s. Fundamentalmente sólida con ROE 23.6%, deuda neta/EBITDA 4.0x. Técnicamente 🔵 RSI en sobreventa, 🟢 Cruce alcista MACD. Clasificación: seguimiento.","General Mills, Inc. está un 40.6% por debajo de su máximo 52s. Fundamentalmente sólida con ROE 23.6%, deuda neta/EBITDA 4.0x. Técnicamente 🔵 RSI en sobreventa, 🟢 Cruce alcista MACD. Clasificación: seguimiento.",🔵 RSI en sobreventa | 🟢 Cruce alcista MACD | 🟢 Cerca de soporte | 🟢 base_pattern_detected,6.56,11,20,False,59.4,1.49,9150831.0,13182199936.0,3.97,1.7,gross,33.1,33.0,0.2,23.6,19858.0,9.1,2.13,9.96,40.6,47.6,-20.0,30.6,True,False,-2.6772,False,33.3,28.9,False,46.32,-19.7,True,False,73,12,0.87,35.64,False
2,RI.PA,PERNOD RICARD,EUROSTOXX,Consumer Defensive,Beverages - Wineries & Distilleries,France,EUR,63.58,1.0,script-v2.0,1.0,2026-04-02T09:06:22.722285+02:00,87.5,88.3,83,93,0,7,85,seguimiento,seguimiento,,True,pass,pendiente,0,desconocido,Pendiente de implementar,parcial,"eps_stabilization (media): EPS 6.45 vs 5.83 (annual_eps_fallback) | dividend_maintained (baja): Dividendo actual 7.39% con caída del 40.8% | analyst_upgrade (media): Target 92.64 vs precio 63.58 (+46%), recMean 2.28, recKey buy",fuerte,seguimiento,62.72,63.58,62.72 - 63.58,81.51,91.33,81.51 - 91.33,Pérdida del soporte en 62.72 | ROE negativo durante 2 trimestres consecutivos | Ampliación de capital dilutiva | Recorte de rating a bono basura,18-24,"PERNOD RICARD está un 40.8% por debajo de su máximo 52s. Fundamentalmente sólida con ROE 8.6%, deuda neta/EBITDA 3.9x. Técnicamente 🔵 RSI recuperándose de sobreventa, 🟢 Cruce alcista MACD. Clasificación: seguimiento.","PERNOD RICARD está un 40.8% por debajo de su máximo 52s. Fundamentalmente sólida con ROE 8.6%, deuda neta/EBITDA 3.9x. Técnicamente 🔵 RSI recuperándose de sobreventa, 🟢 Cruce alcista MACD. Clasificación: seguimiento.",🔵 RSI recuperándose de sobreventa | 🟢 Cruce alcista MACD | 🟢 Cerca de soporte | 🟢 base_pattern_detected,7.39,10,0,False,84.0,0.82,822855.0,11203999744.0,3.89,8.0,,58.4,,,8.6,16010.0,11.4,1.03,9.81,40.8,53.6,-22.0,37.3,True,False,-4.4616,False,46.3,47.7,False,81.31,-21.8,True,False,73,12,1.04,62.72,False
3,PUB.PA,PUBLICIS GROUPE SA,EUROSTOXX,Communication Services,Advertising Agencies,France,EUR,71.28,1.0,script-v2.0,1.0,2026-04-02T09:06:29.149677+02:00,86.8,86.0,94,79,0,4,89,seguimiento,seguimiento,Sin señales de recuperación,True,pass,pendiente,0,desconocido,Pendiente de implementar,ausente,"dividend_maintained (baja): Dividendo actual 5.05% con caída del 29.1% | analyst_upgrade (media): Target 107.79 vs precio 71.28 (+51%), recMean 1.57, recKey buy",fuerte,seguimiento,71.21,71.28,71.21 - 71.28,82.28,85.47,82.28 - 85.47,Pérdida del soporte en 71.21 | ROE negativo durante 2 trimestres consecutivos | Ampliación de capital dilutiva | Recorte de rating a bono basura,12-18,"PUBLICIS GROUPE SA está un 29.1% por debajo de su máximo 52s. Fundamentalmente sólida con ROE 15.5%, deuda neta/EBITDA 0.5x. Técnicamente 🔵 RSI recuperándose de sobreventa, 🟢 Divergencia alcista RSI. Clasificación: seguimiento.","PUBLICIS GROUPE SA está un 29.1% por debajo de su máximo 52s. Fundamentalmente sólida con ROE 15.5%, deuda neta/EBITDA 0.5x. Técnicamente 🔵 RSI recuperándose de sobreventa, 🟢 Divergencia alcista RSI. Clasificación: seguimiento.",🔵 RSI recuperándose de sobreventa | 🟢 Divergencia alcista RSI | 🟢 Cruce alcista MACD | 🟢 Cerca de soporte | 🟢 base_pattern_detected,5.05,9,0,False,55.2,0.54,786157.0,1630000128.0,0.51,3.7,,44.9,,,15.5,17770.0,10.9,1.71,6.15,29.1,32.2,-13.4,43.1,True,False,-3.8623,False,34.7,28.0,False,81.93,-13.0,True,False,77,12,0.84,71.21,False
4,CPB,The Campbell's Company,SP500,Consumer Defensive,Packaged Foods,United States,USD,22.38,1.0,script-v2.0,1.0,2026-04-02T09:08:11.212975+02:00,86.6,88.8,84,93,0,1,80,seguimiento,seguimiento,Sin señales de recuperación,True,pass,pendiente,0,desconocido,Pendiente de implementar,ausente,dividend_maintained (baja): Dividendo actual 6.97% con caída del 44.7%,fuerte,seguimiento,20.71,22.38,20.71 - 22.38,28.99,34.37,28.99 - 34.37,Pérdida del soporte en 20.71 | ROE negativo durante 2 trimestres consecutivos | Ampliación de capital dilutiva | Recorte de rating a bono basura,18-24,"The Campbell's Company está un 44.7% por debajo de su máximo 52s. Fundamentalmente sólida con ROE 13.9%, deuda neta/EBITDA 3.9x. Técnicamente 🔵 RSI recuperándose de sobreventa, 🟢 Divergencia alcista RSI. Clasificación: seguimiento.","The Campbell's Company está un 44.7% por debajo de su máximo 52s. Fundamentalmente sólida con ROE 13.9%, deuda neta/EBITDA 3.9x. Técnicamente 🔵 RSI recuperándose de sobreventa, 🟢 Divergencia alcista RSI. Clasificación: seguimiento.",🔵 RSI recuperándose de sobreventa | 🟢 Divergencia alcista RSI | 🟢 Cruce alcista MACD | 🟢 base_pattern_detected,6.97,11,20,False,84.8,1.85,8664011.0,6852000192.0,3.92,6.3,gross,29.6,29.3,0.3,13.9,6673.0,12.2,1.67,7.74,44.7,54.7,-22.8,41.7,True,False,-2.2088,False,95.7,70.1,False,28.93,-22.6,True,False,68,12,0.78,20.71,False
5,CAP.PA,CAPGEMINI,EUROSTOXX,Technology,Information Technology Services,France,EUR,101.6,1.0,script-v2.0,1.0,2026-04-02T09:06:13.871591+02:00,85.0,90.7,87,94,0,4,68,seguimiento,seguimiento,Sin señales de recuperación,True,pass,pendiente,0,desconocido,Pendiente de implementar,ausente,"dividend_maintained (baja): Dividendo actual 3.35% con caída del 35.1% | analyst_upgrade (media): Target 153.49 vs precio 101.60 (+51%), recMean 1.61, recKey buy",razonable,seguimiento,101.15,101.6,101.15 - 101.60,126.79,133.07,126.79 - 133.07,Pérdida del soporte en 101.15 | ROE negativo durante 2 trimestres consecutivos | Ampliación de capital dilutiva | Recorte de rating a bono basura,12-18,"CAPGEMINI está un 35.1% por debajo de su máximo 52s. Fundamentalmente sólida con ROE 13.7%, deuda neta/EBITDA 2.3x. Técnicamente 🟢 Divergencia alcista RSI, 🟢 Cruce alcista MACD. Clasificación: seguimiento.","CAPGEMINI está un 35.1% por debajo de su máximo 52s. Fundamentalmente sólida con ROE 13.7%, deuda neta/EBITDA 2.3x. Técnicamente 🟢 Divergencia alcista RSI, 🟢 Cruce alcista MACD. Clasificación: seguimiento.",🟢 Divergencia alcista RSI | 🟢 Cruce alcista MACD | 🟢 Cerca de soporte,3.35,10,0,False,37.2,0.81,685556.0,6643999744.0,2.29,55.8,,27.0,,,13.7,17037.0,11.1,1.48,8.26,35.1,50.8,-19.9,45.2,True,False,-9.3231,False,44.7,34.0,False,126.16,-19.5,False,False,68,0,1.02,101.15,False
6,DSY.PA,DASSAULT SYSTEMES,EUROSTOXX,Technology,Software - Application,France,EUR,17.52,1.0,script-v2.0,1.0,2026-04-02T09:06:28.853185+02:00,84.5,84.1,91,78,0,10,86,seguimiento,seguimiento,,True,pass,pendiente,0,desconocido,Pendiente de implementar,parcial,"margin_stabilization (media): Margen gross 85.0% vs 83.8% (+1.2 pp) | eps_stabilization (media): EPS 0.33 vs 0.17 (Diluted EPS) | dividend_maintained (baja): Dividendo actual 1.54% con caída del 50.5% | analyst_upgrade (media): Target 23.40 vs precio 17.52 (+34%), recMean 2.52, recKey hold",fuerte,seguimiento,16.75,17.52,16.75 - 17.52,24.92,30.08,24.92 - 30.08,Pérdida del soporte en 16.75 | ROE negativo durante 2 trimestres consecutivos | Ampliación de capital dilutiva | Recorte de rating a bono basura,18-24,"DASSAULT SYSTEMES está un 50.5% por debajo de su máximo 52s. Fundamentalmente sólida con ROE 13.3%, deuda neta/EBITDA -0.8x. Técnicamente 🟢 Divergencia alcista RSI, 🟢 Cruce alcista MACD. Clasificación: seguimiento.","DASSAULT SYSTEMES está un 50.5% por debajo de su máximo 52s. Fundamentalmente sólida con ROE 13.3%, deuda neta/EBITDA -0.8x. Técnicamente 🟢 Divergencia alcista RSI, 🟢 Cruce alcista MACD. Clasificación: seguimiento.",🟢 Divergencia alcista RSI | 🟢 Cruce alcista MACD | 🟢 Cerca de soporte | 🟢 MACD semanal girando al alza | 🟢 base_pattern_detected,1.54,10,0,False,28.9,0.29,3443561.0,-1530099968.0,-0.79,0.3,gross,83.7,83.7,0.0,13.3,23004.0,19.5,2.63,11.13,50.5,57.1,-29.7,45.1,True,False,-2.6439,True,44.0,32.0,False,24.55,-28.6,True,False,64,22,1.0,16.75,False
7,SGO.PA,SAINT GOBAIN,EUROSTOXX,Industrials,Building Products & Equipment,France,EUR,72.18,1.0,script-v2.0,1.0,2026-04-02T09:06:23.113195+02:00,82.4,88.2,93,84,0,12,65,entrada_escalada,entrada_escalada,,True,pass,pendiente,0,desconocido,Pendiente de implementar,confirmada,"eps_stabilization (media): EPS 5.78 vs 5.64 (annual_eps_fallback) | debt_reduction (alta): Deuda 18088.0M vs 18384.0M | dividend_maintained (baja): Dividendo actual 3.19% con caída del 31.0% | analyst_upgrade (media): Target 100.55 vs precio 72.18 (+39%), recMean 1.95, recKey buy",razonable,entrada_escalada,70.83,72.18,70.83 - 72.18,88.24,88.95,88.24 - 88.95,Pérdida del soporte en 70.83 | ROE negativo durante 2 trimestres consecutivos | Ampliación de capital dilutiva | Recorte de rating a bono basura,12-18,"SAINT GOBAIN está un 31.0% por debajo de su máximo 52s. Fundamentalmente sólida con ROE 11.7%, deuda neta/EBITDA 1.6x. Técnicamente 🔵 RSI recuperándose de sobreventa, 🟢 Cerca de soporte. Clasificación: entrada_escalada.","SAINT GOBAIN está un 31.0% por debajo de su máximo 52s. Fundamentalmente sólida con ROE 11.7%, deuda neta/EBITDA 1.6x. Técnicamente 🔵 RSI recuperándose de sobreventa, 🟢 Cerca de soporte. Clasificación: entrada_escalada.",🔵 RSI recuperándose de sobreventa | 🟢 Cerca de soporte | 🟢 base_pattern_detected,3.19,9,0,False,38.1,0.72,1299874.0,10505999360.0,1.55,-1.6,,27.8,,,11.7,35581.0,12.5,1.45,6.89,31.0,31.0,-18.2,43.1,False,False,-4.5881,False,84.9,59.2,False,87.56,-17.6,True,False,53,12,0.86,70.83,False
8,ADS.DE,adidas AG                     N,EUROSTOXX,Consumer Cyclical,Footwear & Accessories,Germany,EUR,136.9,1.0,script-v2.0,1.0,2026-04-02T09:06:04.926225+02:00,81.9,79.5,95,66,0,4,89,seguimiento,seguimiento,Sin señales de recuperación,True,pass,pendiente,0,desconocido,Pendiente de implementar,ausente,"dividend_maintained (baja): Dividendo actual 2.05% con caída del 39.9% | analyst_upgrade (media): Target 198.35 vs precio 136.90 (+45%), recMean 1.68, recKey buy",fuerte,seguimiento,135.75,136.9,135.75 - 136.90,169.05,193.54,169.05 - 193.54,Pérdida del soporte en 135.75 | ROE negativo durante 2 trimestres consecutivos | Ampliación de capital dilutiva | Recorte de rating a bono basura,12-18,"adidas AG                     N está un 39.9% por debajo de su máximo 52s. Fundamentalmente sólida con ROE 23.0%, deuda neta/EBITDA 1.5x. Técnicamente 🔵 RSI recuperándose de sobreventa, 🟢 Divergencia alcista RSI. Clasificación: seguimiento.","adidas AG                     N está un 39.9% por debajo de su máximo 52s. Fundamentalmente sólida con ROE 23.0%, deuda neta/EBITDA 1.5x. Técnicamente 🔵 RSI recuperándose de sobreventa, 🟢 Divergencia alcista RSI. Clasificación: seguimiento.",🔵 RSI recuperándose de sobreventa | 🟢 Divergencia alcista RSI | 🟢 Cruce alcista MACD | 🟢 Cerca de soporte | 🟢 base_pattern_detected,2.05,9,0,False,26.8,0.91,804007.0,3913999872.0,1.53,2.3,gross,51.6,51.6,0.0,23.0,24279.0,18.4,4.23,11.17,39.9,47.6,-19.0,43.1,True,False,-11.0936,False,54.7,45.5,False,166.92,-18.0,True,False,77,12,0.78,135.75,False
9,IP,International Paper Company,SP500,Consumer Cyclical,Packaging & Containers,United States,USD,35.66,1.0,script-v2.0,1.0,2026-04-02T09:08:14.332952+02:00,81.4,80.2,69,90,0,7,85,seguimiento,seguimiento,,True,pass,pendiente,0,desconocido,Pendiente de implementar,parcial,"margin_stabilization (media): Margen gross 31.4% vs 31.1% (+0.3 pp) | dividend_maintained (baja): Dividendo actual 5.19% con caída del 36.5% | analyst_upgrade (media): Target 45.70 vs precio 35.66 (+28%), recMean 2.00, recKey buy",fuerte,seguimiento,35.22,35.66,35.22 - 35.66,43.18,47.71,43.18 - 47.71,Pérdida del soporte en 35.22 | ROE negativo durante 2 trimestres consecutivos | Ampliación de capital dilutiva | Recorte de rating a bono basura,12-18,"International Paper Company está un 36.5% por debajo de su máximo 52s. Fundamentalmente sólida con ROE -24.7%, deuda neta/EBITDA 2.4x. Técnicamente 🔵 RSI recuperándose de sobreventa, 🟢 Cruce alcista MACD. Clasificación: seguimiento.","International Paper Company está un 36.5% por debajo de su máximo 52s. Fundamentalmente sólida con ROE -24.7%, deuda neta/EBITDA 2.4x. Técnicamente 🔵 RSI recuperándose de sobreventa, 🟢 Cruce alcista MACD. Clasificación: seguimiento.",🔵 RSI recuperándose de sobreventa | 🟢 Cruce alcista MACD | 🟢 Cerca de soporte | 🟢 base_pattern_detected,5.19,11,20,False,158.1,0.71,7276990.0,9393000448.0,2.38,1.2,gross,29.7,29.6,0.2,-24.7,18881.0,12.2,1.27,7.16,36.5,37.9,-17.4,38.7,True,False,-1.768,False,43.0,36.6,False,42.97,-17.0,True,False,73,12,1.15,35.22,False
10,CSL.AX,CSL FPO [CSL],ASX,Healthcare,Biotechnology,Australia,AUD,138.93,1.0,script-v2.0,1.0,2026-04-02T09:08:22.056561+02:00,81.1,82.5,83,82,0,7,77,seguimiento,seguimiento,,True,pass,pendiente,0,desconocido,Pendiente de implementar,parcial,"eps_stabilization (media): EPS 6.17 vs 5.45 (annual_eps_fallback) | dividend_maintained (baja): Dividendo actual 3.07% con caída del 49.6% | analyst_upgrade (media): Target 211.47 vs precio 138.93 (+52%), recMean 1.81, recKey buy",fuerte,seguimiento,133.35,138.93,133.35 - 138.93,192.53,234.42,192.53 - 234.42,Pérdida del soporte en 133.35 | ROE negativo durante 2 trimestres consecutivos | Ampliación de capital dilutiva | Recorte de rating a bono basura,18-24,"CSL FPO [CSL] está un 49.6% por debajo de su máximo 52s. Fundamentalmente sólida con ROE 6.7%, deuda neta/EBITDA 2.1x. Técnicamente 🟢 Divergencia alcista RSI, 🟢 Cerca de soporte. Clasificación: seguimiento.","CSL FPO [CSL] está un 49.6% por debajo de su máximo 52s. Fundamentalmente sólida con ROE 6.7%, deuda neta/EBITDA 2.1x. Técnicamente 🟢 Divergencia alcista RSI, 🟢 Cerca de soporte. Clasificación: seguimiento.",🟢 Divergencia alcista RSI | 🟢 Cerca de soporte | 🟢 MACD semanal girando al alza | 🟢 base_pattern_detected,3.07,11,20,False,45.5,0.54,1262294.0,9992999936.0,2.06,,gross,51.9,52.1,-0.2,6.7,67425.0,15.4,2.48,16.6,49.6,53.9,-27.8,40.2,False,False,-17.2862,True,48.6,63.4,False,190.32,-27.0,True,False,55,22,0.89,133.35,False
11,RACE.MI,FERRARI,EUROSTOXX,Consumer Cyclical,Auto Manufacturers,Italy,EUR,297.8,1.0,script-v2.0,1.0,2026-04-02T09:06:44.236707+02:00,79.9,74.2,95,56,0,7,97,seguimiento,seguimiento,,True,pass,pendiente,0,desconocido,Pendiente de implementar,parcial,"margin_stabilization (media): Margen gross 51.9% vs 50.1% (+1.8 pp) | dividend_maintained (baja): Dividendo actual 1.22% con caída del 33.8% | analyst_upgrade (media): Target 369.92 vs precio 297.80 (+24%), recMean 1.83, recKey buy",fuerte,seguimiento,294.69,296.37,294.69 - 296.37,354.38,382.33,354.38 - 382.33,Pérdida del soporte en 294.69 | ROE negativo durante 2 trimestres consecutivos | Ampliación de capital dilutiva | Recorte de rating a bono basura,12-18,"FERRARI está un 33.8% por debajo de su máximo 52s. Fundamentalmente sólida con ROE 42.9%, deuda neta/EBITDA 0.6x. Técnicamente 🟢 Divergencia alcista RSI, 🟢 Cruce alcista MACD. Clasificación: seguimiento.","FERRARI está un 33.8% por debajo de su máximo 52s. Fundamentalmente sólida con ROE 42.9%, deuda neta/EBITDA 0.6x. Técnicamente 🟢 Divergencia alcista RSI, 🟢 Cruce alcista MACD. Clasificación: seguimiento.",🟢 Divergencia alcista RSI | 🟢 Cruce alcista MACD | 🟢 Volumen creciente | 🟢 Cerca de soporte | 🟢 MACD semanal girando al alza | 🟢 base_pattern_detected,1.22,10,0,False,33.3,0.74,597612.0,1467600896.0,0.61,0.5,gross,51.7,51.7,0.0,42.9,52606.0,33.2,13.51,22.55,33.8,39.1,-16.0,54.3,True,False,-21.0994,True,88.6,75.1,False,349.8,-14.9,True,False,75,22,1.31,294.69,False
12,HEN3.DE,Henkel AG & Co. KGaA          I,EUROSTOXX,Consumer Defensive,Household & Personal Products,Germany,EUR,66.12,1.0,script-v2.0,1.0,2026-04-02T09:06:01.598047+02:00,79.4,82.9,93,74,0,9,69,seguimiento,seguimiento,,True,pass,pendiente,0,desconocido,Pendiente de implementar,parcial,eps_stabilization (media): EPS 4.92 vs 4.80 (annual_eps_fallback) | debt_reduction (alta): Deuda 3708.0M vs 3711.0M | dividend_maintained (baja): Dividendo actual 3.13% con caída del 21.5%,razonable,seguimiento,64.42,66.12,64.42 - 66.12,71.39,71.57,71.39 - 71.57,Pérdida del soporte en 64.42 | ROE negativo durante 2 trimestres consecutivos | Ampliación de capital dilutiva | Recorte de rating a bono basura,6-12,"Henkel AG & Co. KGaA          I está un 21.5% por debajo de su máximo 52s. Fundamentalmente sólida con ROE 9.7%, deuda neta/EBITDA 0.2x. Técnicamente 🔵 RSI en sobreventa, 🟡 MACD convergiendo. Clasificación: seguimiento.","Henkel AG & Co. KGaA          I está un 21.5% por debajo de su máximo 52s. Fundamentalmente sólida con ROE 9.7%, deuda neta/EBITDA 0.2x. Técnicamente 🔵 RSI en sobreventa, 🟡 MACD convergiendo. Clasificación: seguimiento.",🔵 RSI en sobreventa | 🟡 MACD convergiendo | 🟢 Cerca de soporte | 🟡 Apoyo en MA40 semanal,3.13,10,0,False,41.5,0.18,466989.0,568999936.0,0.18,-0.1,,50.8,,,9.7,26916.0,13.4,1.31,8.51,21.5,23.0,-7.4,25.7,False,True,-0.4054,False,27.8,28.9,False,71.53,-7.6,False,False,64,5,0.96,64.42,False
13,FRE.DE,Fresenius SE & Co. KGaA       I,EUROSTOXX,Healthcare,Medical Care Facilities,Germany,EUR,43.95,1.0,script-v2.0,1.0,2026-04-02T09:05:59.134980+02:00,77.5,75.0,83,68,0,12,85,entrada_directa,entrada_directa,,True,pass,pendiente,0,desconocido,Pendiente de implementar,confirmada,"eps_stabilization (media): EPS 0.58 vs 0.41 (Diluted EPS) | debt_reduction (alta): Deuda 11933.0M vs 12852.0M | dividend_maintained (baja): Dividendo actual 2.39% con caída del 17.0% | analyst_upgrade (media): Target 55.90 vs precio 43.95 (+27%), recMean 1.57, recKey buy",fuerte,entrada_directa,42.97,43.95,42.97 - 43.95,45.02,46.75,45.02 - 46.75,Pérdida del soporte en 42.97 | ROE negativo durante 2 trimestres consecutivos | Ampliación de capital dilutiva | Recorte de rating a bono basura,6-12,"Fresenius SE & Co. KGaA       I está un 17.0% por debajo de su máximo 52s. Fundamentalmente sólida con ROE 8.0%, deuda neta/EBITDA 3.4x. Técnicamente 🔵 RSI en sobreventa, 🟡 MACD convergiendo. Clasificación: entrada_directa.","Fresenius SE & Co. KGaA       I está un 17.0% por debajo de su máximo 52s. Fundamentalmente sólida con ROE 8.0%, deuda neta/EBITDA 3.4x. Técnicamente 🔵 RSI en sobreventa, 🟡 MACD convergiendo. Clasificación: entrada_directa.",🔵 RSI en sobreventa | 🟡 MACD convergiendo | 🟢 Cerca de soporte | 🟡 Apoyo en MA40 semanal | 🟢 base_pattern_detected,2.39,9,0,False,36.8,0.6,890729.0,10340999680.0,3.4,-7.2,gross,24.9,25.2,-0.4,8.0,24754.0,16.2,1.3,11.75,17.0,17.0,-6.0,34.7,False,True,-0.1871,False,32.2,36.9,False,46.86,-6.2,True,False,68,17,1.01,42.97,False
14,SAP.DE,SAP SE                        I,EUROSTOXX,Technology,Software - Application,Germany,EUR,148.86,1.0,script-v2.0,1.0,2026-04-02T09:06:04.764110+02:00,77.5,75.1,98,55,0,12,85,entrada_directa,entrada_directa,,True,pass,pendiente,0,desconocido,Pendiente de implementar,confirmada,"eps_stabilization (media): EPS 1.57 vs 1.44 (Diluted EPS) | debt_reduction (alta): Deuda 7476.0M vs 9121.0M | dividend_maintained (baja): Dividendo actual 1.68% con caída del 45.6% | analyst_upgrade (media): Target 235.09 vs precio 148.86 (+58%), recMean 1.55, recKey buy",fuerte,entrada_directa,142.1,148.86,142.10 - 148.86,213.82,232.52,213.82 - 232.52,Pérdida del soporte en 142.10 | ROE negativo durante 2 trimestres consecutivos | Ampliación de capital dilutiva | Recorte de rating a bono basura,18-24,"SAP SE                        I está un 45.6% por debajo de su máximo 52s. Fundamentalmente sólida con ROE 16.1%, deuda neta/EBITDA -0.2x. Técnicamente 🔵 RSI en sobreventa, 🟢 Divergencia alcista RSI. Clasificación: entrada_directa.","SAP SE                        I está un 45.6% por debajo de su máximo 52s. Fundamentalmente sólida con ROE 16.1%, deuda neta/EBITDA -0.2x. Técnicamente 🔵 RSI en sobreventa, 🟢 Divergencia alcista RSI. Clasificación: entrada_directa.",🔵 RSI en sobreventa | 🟢 Divergencia alcista RSI | 🟡 MACD convergiendo | 🟢 Cerca de soporte | 🟢 base_pattern_detected,1.68,10,0,False,38.5,0.17,3244281.0,-2062000128.0,-0.18,-18.0,gross,73.8,72.9,0.9,16.1,173803.0,24.4,3.9,15.33,45.6,47.0,-30.4,34.7,False,True,-19.4344,False,25.7,20.6,False,210.21,-29.2,True,False,73,12,0.93,142.1,False
15,ADP,"Automatic Data Processing, Inc.",SP500,Technology,Software - Application,United States,USD,201.28,1.0,script-v2.0,1.0,2026-04-02T09:07:26.113991+02:00,77.2,78.7,100,60,0,15,73,entrada_directa,entrada_directa,,True,pass,pendiente,0,desconocido,Pendiente de implementar,confirmada,"margin_stabilization (media): Margen gross 46.1% vs 45.2% (+0.9 pp) | eps_stabilization (media): EPS 2.62 vs 2.49 (Diluted EPS) | debt_reduction (alta): Deuda 4477.9M vs 9525.3M | dividend_maintained (baja): Dividendo actual 3.38% con caída del 39.0% | analyst_upgrade (media): Target 264.40 vs precio 201.28 (+31%), recMean 2.94, recKey hold",fuerte,entrada_directa,191.22,201.28,191.22 - 201.28,264.06,280.44,264.06 - 280.44,Pérdida del soporte en 191.22 | ROE negativo durante 2 trimestres consecutivos | Ampliación de capital dilutiva | Recorte de rating a bono basura,12-18,"Automatic Data Processing, Inc. está un 39.0% por debajo de su máximo 52s. Fundamentalmente sólida con ROE 73.8%, deuda neta/EBITDA 0.3x. Técnicamente 🟢 Divergencia alcista RSI, 🟢 Cruce alcista MACD. Clasificación: entrada_directa.","Automatic Data Processing, Inc. está un 39.0% por debajo de su máximo 52s. Fundamentalmente sólida con ROE 73.8%, deuda neta/EBITDA 0.3x. Técnicamente 🟢 Divergencia alcista RSI, 🟢 Cruce alcista MACD. Clasificación: entrada_directa.",🟢 Divergencia alcista RSI | 🟢 Cruce alcista MACD | 🟢 base_pattern_detected,3.38,11,20,False,60.7,0.7,3621716.0,2053199872.0,0.33,-53.0,gross,48.4,46.0,2.3,73.8,81407.0,19.3,12.69,13.43,39.0,37.5,-23.8,37.3,True,False,-18.8695,False,24.4,29.7,False,260.99,-22.9,True,False,61,12,0.8,,False
16,BEI.DE,BEIERSDORF AG                 I,EUROSTOXX,Consumer Defensive,Household & Personal Products,Germany,EUR,76.1,1.0,script-v2.0,1.0,2026-04-02T09:06:08.323399+02:00,75.8,76.8,64,88,0,7,73,seguimiento,seguimiento,,True,pass,pendiente,0,desconocido,Pendiente de implementar,parcial,"eps_stabilization (media): EPS 4.05 vs 3.24 (annual_eps_fallback) | dividend_maintained (baja): Dividendo actual 1.31% con caída del 40.3% | analyst_upgrade (media): Target 98.45 vs precio 76.10 (+29%), recMean 2.50, recKey buy",fuerte,seguimiento,74.32,76.1,74.32 - 76.10,95.98,108.33,95.98 - 108.33,Pérdida del soporte en 74.32 | ROE negativo durante 2 trimestres consecutivos | Ampliación de capital dilutiva | Recorte de rating a bono basura,18-24,"BEIERSDORF AG                 I está un 40.3% por debajo de su máximo 52s. Fundamentalmente sólida con ROE 11.2%, deuda neta/EBITDA -1.5x. Técnicamente 🔵 RSI en sobreventa, 🟢 Cruce alcista MACD. Clasificación: seguimiento.","BEIERSDORF AG                 I está un 40.3% por debajo de su máximo 52s. Fundamentalmente sólida con ROE 11.2%, deuda neta/EBITDA -1.5x. Técnicamente 🔵 RSI en sobreventa, 🟢 Cruce alcista MACD. Clasificación: seguimiento.",🔵 RSI en sobreventa | 🟢 Cruce alcista MACD | 🟢 Cerca de soporte,1.31,10,0,False,23.5,2.52,463366.0,-2359999936.0,-1.47,90.4,,57.7,,,11.2,16630.0,17.9,1.93,8.89,40.3,48.1,-20.7,32.9,True,False,-5.3823,False,63.8,60.8,False,95.25,-20.1,False,False,73,0,0.98,74.32,False
17,EL.PA,ESSILORLUXOTTICA,EUROSTOXX,Healthcare,Medical Instruments & Supplies,France,EUR,193.95,1.0,script-v2.0,1.0,2026-04-02T09:06:16.552057+02:00,75.5,68.1,75,62,0,4,98,seguimiento,seguimiento,Sin señales de recuperación,True,pass,pendiente,0,desconocido,Pendiente de implementar,ausente,"dividend_maintained (baja): Dividendo actual 2.06% con caída del 40.1% | analyst_upgrade (media): Target 316.45 vs precio 193.95 (+63%), recMean 1.64, recKey buy",fuerte,seguimiento,190.7,193.95,190.70 - 193.95,263.54,275.23,263.54 - 275.23,Pérdida del soporte en 190.70 | ROE negativo durante 2 trimestres consecutivos | Ampliación de capital dilutiva | Recorte de rating a bono basura,18-24,"ESSILORLUXOTTICA está un 40.1% por debajo de su máximo 52s. Fundamentalmente sólida con ROE 6.1%, deuda neta/EBITDA 1.9x. Técnicamente 🔵 RSI en sobreventa, 🟢 Divergencia alcista RSI. Clasificación: seguimiento.","ESSILORLUXOTTICA está un 40.1% por debajo de su máximo 52s. Fundamentalmente sólida con ROE 6.1%, deuda neta/EBITDA 1.9x. Técnicamente 🔵 RSI en sobreventa, 🟢 Divergencia alcista RSI. Clasificación: seguimiento.",🔵 RSI en sobreventa | 🟢 Divergencia alcista RSI | 🟢 Cruce alcista MACD | 🟢 Cerca de soporte | 🟢 base_pattern_detected,2.06,10,0,False,79.3,0.36,696287.0,10854000128.0,1.95,2.5,,59.7,,,6.1,89365.0,38.9,2.31,18.19,40.1,40.1,-26.4,28.6,True,False,-20.7429,False,31.2,34.1,False,263.33,-26.3,True,False,86,12,1.27,190.7,False
18,UNH,UnitedHealth Group Incorporated,SP500,Healthcare,Healthcare Plans,United States,USD,273.98,1.0,script-v2.0,1.0,2026-04-02T09:07:40.213003+02:00,75.5,78.3,89,69,0,4,67,seguimiento,seguimiento,Sin señales de recuperación,True,pass,pendiente,0,desconocido,Pendiente de implementar,ausente,"dividend_maintained (baja): Dividendo actual 3.23% con caída del 54.8% | analyst_upgrade (media): Target 357.81 vs precio 273.98 (+31%), recMean 1.83, recKey buy",razonable,seguimiento,272.47,273.98,272.47 - 273.98,308.65,515.41,308.65 - 515.41,Pérdida del soporte en 272.47 | ROE negativo durante 2 trimestres consecutivos | Ampliación de capital dilutiva | Recorte de rating a bono basura,18-24,"UnitedHealth Group Incorporated está un 54.8% por debajo de su máximo 52s. Fundamentalmente sólida con ROE 12.5%, deuda neta/EBITDA 2.5x. Técnicamente 🟢 Divergencia alcista RSI, 🟡 MACD convergiendo. Clasificación: seguimiento.","UnitedHealth Group Incorporated está un 54.8% por debajo de su máximo 52s. Fundamentalmente sólida con ROE 12.5%, deuda neta/EBITDA 2.5x. Técnicamente 🟢 Divergencia alcista RSI, 🟡 MACD convergiendo. Clasificación: seguimiento.",🟢 Divergencia alcista RSI | 🟡 MACD convergiendo | 🟢 Cerca de soporte | 🟢 base_pattern_detected,3.23,11,20,False,66.0,0.82,9793718.0,54882998272.0,2.54,3.6,gross,18.5,18.5,-0.0,12.5,248685.0,20.7,2.64,14.39,54.8,55.0,-11.2,46.4,False,True,-17.417,False,54.5,38.8,False,309.15,-11.4,True,False,55,12,0.86,272.47,False
19,ML.PA,MICHELIN,EUROSTOXX,N/A,N/A,N/A,EUR,29.91,1.0,script-v2.0,1.0,2026-04-02T09:06:19.914228+02:00,75.4,80.5,72,88,0,6,60,seguimiento,seguimiento,,True,pass,pendiente,0,desconocido,Pendiente de implementar,parcial,debt_reduction (alta): Deuda 6608.0M vs 7497.0M | dividend_maintained (baja): Dividendo actual 15.05% con caída del 15.3%,razonable,seguimiento,28.84,29.91,28.84 - 29.91,30.0,30.36,30.00 - 30.36,Pérdida del soporte en 28.84 | ROE negativo durante 2 trimestres consecutivos | Ampliación de capital dilutiva | Recorte de rating a bono basura,6-12,"MICHELIN está un 15.3% por debajo de su máximo 52s. Fundamentalmente sólida con deuda neta/EBITDA 0.6x, dividendo 15.1%. Técnicamente 🟢 Cruce alcista MACD, 🟢 Cerca de soporte. Clasificación: seguimiento.","MICHELIN está un 15.3% por debajo de su máximo 52s. Fundamentalmente sólida con deuda neta/EBITDA 0.6x, dividendo 15.1%. Técnicamente 🟢 Cruce alcista MACD, 🟢 Cerca de soporte. Clasificación: seguimiento.",🟢 Cruce alcista MACD | 🟢 Cerca de soporte | 🟡 Apoyo en MA40 semanal,15.05,10,0,False,,,1926165.0,2926000000.0,0.63,-11.9,,,,,,21335.0,2.9,0.36,5.22,15.3,19.2,-1.5,47.2,True,False,0.0437,False,88.6,56.9,False,30.31,-1.3,False,False,55,5,0.95,28.84,False
20,MC.PA,LVMH,EUROSTOXX,Consumer Cyclical,Luxury Goods,France,EUR,471.1,1.0,script-v2.0,1.0,2026-04-02T09:06:20.028253+02:00,75.1,74.5,99,53,0,9,77,seguimiento,seguimiento,,True,pass,pendiente,0,desconocido,Pendiente de implementar,parcial,"debt_reduction (alta): Deuda 36779.0M vs 39640.0M | dividend_maintained (baja): Dividendo actual 2.76% con caída del 28.0% | analyst_upgrade (media): Target 610.80 vs precio 471.10 (+30%), recMean 2.11, recKey buy",fuerte,seguimiento,452.12,471.1,452.12 - 471.10,540.09,556.5,540.09 - 556.50,Pérdida del soporte en 452.12 | ROE negativo durante 2 trimestres consecutivos | Ampliación de capital dilutiva | Recorte de rating a bono basura,12-18,"LVMH está un 28.0% por debajo de su máximo 52s. Fundamentalmente sólida con ROE 16.2%, deuda neta/EBITDA 1.1x. Técnicamente 🔵 RSI recuperándose de sobreventa, 🟢 Divergencia alcista RSI. Clasificación: seguimiento.","LVMH está un 28.0% por debajo de su máximo 52s. Fundamentalmente sólida con ROE 16.2%, deuda neta/EBITDA 1.1x. Técnicamente 🔵 RSI recuperándose de sobreventa, 🟢 Divergencia alcista RSI. Clasificación: seguimiento.",🔵 RSI recuperándose de sobreventa | 🟢 Divergencia alcista RSI | 🟢 Cruce alcista MACD | 🟢 Cerca de soporte,2.76,10,0,False,59.5,0.53,530023.0,23258999808.0,1.13,-7.2,,66.2,,,16.2,233603.0,21.6,3.47,12.56,28.0,41.7,-12.8,39.9,True,False,-25.5399,False,47.8,32.5,False,543.33,-13.3,False,False,77,0,0.72,452.12,False
21,MSFT,Microsoft Corporation,SP500,Technology,Software - Infrastructure,United States,USD,369.37,1.0,script-v2.0,1.0,2026-04-02T09:08:15.228422+02:00,73.5,69.7,91,51,0,7,85,seguimiento,seguimiento,,True,pass,pendiente,0,desconocido,Pendiente de implementar,parcial,"eps_stabilization (media): EPS 5.16 vs 3.72 (Diluted EPS) | dividend_maintained (baja): Dividendo actual 0.99% con caída del 33.5% | analyst_upgrade (media): Target 587.31 vs precio 369.37 (+59%), recMean 1.28, recKey strong_buy",fuerte,seguimiento,356.28,369.37,356.28 - 369.37,472.13,475.78,472.13 - 475.78,Pérdida del soporte en 356.28 | ROE negativo durante 2 trimestres consecutivos | Ampliación de capital dilutiva | Recorte de rating a bono basura,12-18,"Microsoft Corporation está un 33.5% por debajo de su máximo 52s. Fundamentalmente sólida con ROE 34.4%, deuda neta/EBITDA 0.2x. Técnicamente 🔵 RSI recuperándose de sobreventa, 🟢 Divergencia alcista RSI. Clasificación: seguimiento.","Microsoft Corporation está un 33.5% por debajo de su máximo 52s. Fundamentalmente sólida con ROE 34.4%, deuda neta/EBITDA 0.2x. Técnicamente 🔵 RSI recuperándose de sobreventa, 🟢 Divergencia alcista RSI. Clasificación: seguimiento.",🔵 RSI recuperándose de sobreventa | 🟢 Divergencia alcista RSI | 🟡 MACD convergiendo | 🟢 Cerca de soporte | 🟢 base_pattern_detected,0.99,11,20,False,21.3,0.32,36612644.0,33816002560.0,0.19,103.6,gross,68.6,68.6,-0.0,34.4,2745297.0,23.1,7.02,15.84,33.5,33.1,-22.4,35.7,False,True,-29.6649,False,27.0,20.0,False,472.04,-21.8,True,False,73,12,1.2,356.28,False
22,ABT,Abbott Laboratories,SP500,Healthcare,Medical Devices,United States,USD,102.38,1.0,script-v2.0,1.0,2026-04-02T09:07:16.347702+02:00,72.9,71.9,98,49,0,10,76,seguimiento,seguimiento,,True,pass,pendiente,0,desconocido,Pendiente de implementar,parcial,"margin_stabilization (media): Margen gross 57.0% vs 55.4% (+1.7 pp) | eps_stabilization (media): EPS 1.01 vs 0.94 (Diluted EPS) | dividend_maintained (baja): Dividendo actual 2.46% con caída del 26.4% | analyst_upgrade (media): Target 132.28 vs precio 102.38 (+29%), recMean 1.69, recKey buy",fuerte,seguimiento,97.26,102.38,97.26 - 102.38,118.2,123.67,118.20 - 123.67,Pérdida del soporte en 97.26 | ROE negativo durante 2 trimestres consecutivos | Ampliación de capital dilutiva | Recorte de rating a bono basura,12-18,"Abbott Laboratories está un 26.4% por debajo de su máximo 52s. Fundamentalmente sólida con ROE 13.0%, deuda neta/EBITDA 0.4x. Técnicamente 🔵 RSI en sobreventa, 🟢 Divergencia alcista RSI. Clasificación: seguimiento.","Abbott Laboratories está un 26.4% por debajo de su máximo 52s. Fundamentalmente sólida con ROE 13.0%, deuda neta/EBITDA 0.4x. Técnicamente 🔵 RSI en sobreventa, 🟢 Divergencia alcista RSI. Clasificación: seguimiento.",🔵 RSI en sobreventa | 🟢 Divergencia alcista RSI | 🟡 MACD convergiendo | 🟢 base_pattern_detected,2.46,11,20,False,63.4,0.27,11480818.0,5197000704.0,0.43,9.2,gross,56.7,56.4,0.2,13.0,177904.0,27.5,3.41,15.27,26.4,26.1,-17.2,31.6,False,True,-5.8398,False,13.7,10.2,False,122.86,-16.7,True,False,64,12,0.78,,False
23,DBK.DE,DEUTSCHE BANK AG              N,EUROSTOXX,Financial Services,Banks - Regional,Germany,EUR,26.365,1.0,script-v2.0,1.0,2026-04-02T09:06:05.165019+02:00,72.3,76.4,62,89,0,4,60,seguimiento,seguimiento,Sin señales de recuperación,True,pass,pendiente,0,desconocido,Pendiente de implementar,ausente,"dividend_maintained (baja): Dividendo actual 3.79% con caída del 23.0% | analyst_upgrade (media): Target 33.09 vs precio 26.36 (+26%), recMean 2.71, recKey hold",razonable,seguimiento,25.2,26.36,25.20 - 26.36,29.12,29.77,29.12 - 29.77,Pérdida del soporte en 25.20 | ROE negativo durante 2 trimestres consecutivos | Ampliación de capital dilutiva | Recorte de rating a bono basura,6-12,"DEUTSCHE BANK AG              N está un 23.0% por debajo de su máximo 52s. Fundamentalmente sólida con ROE 8.3%, dividendo 3.8%. Técnicamente 🟢 Divergencia alcista RSI, 🟢 Cerca de soporte. Clasificación: seguimiento.","DEUTSCHE BANK AG              N está un 23.0% por debajo de su máximo 52s. Fundamentalmente sólida con ROE 8.3%, dividendo 3.8%. Técnicamente 🟢 Divergencia alcista RSI, 🟢 Cerca de soporte. Clasificación: seguimiento.",🟢 Divergencia alcista RSI | 🟢 Cerca de soporte | 🟢 base_pattern_detected,3.79,7,0,False,22.0,,6963479.0,-220606005248.0,,273.9,,0.0,,,8.3,51137.0,8.5,0.62,,23.0,23.0,-11.4,46.8,False,False,-0.8826,False,93.9,55.5,False,29.93,-11.9,True,False,48,12,0.77,25.2,False
24,DGE.L,DIAGEO PLC ORD 28 101/108P,EUROSTOXX,Consumer Defensive,Beverages - Wineries & Distilleries,United Kingdom,GBp,1395.0,1.0,script-v2.0,1.0,2026-04-02T09:07:09.093044+02:00,72.3,69.7,74,66,0,9,80,seguimiento,seguimiento,,True,pass,pendiente,0,desconocido,Pendiente de implementar,parcial,"debt_reduction (alta): Deuda 24290.0M vs 24401.0M | dividend_maintained (baja): Dividendo actual 0.05% con caída del 37.0% | analyst_upgrade (media): Target 1990.32 vs precio 1395.00 (+43%), recMean 2.00, recKey buy",fuerte,seguimiento,1350.0,1395.0,1350.00 - 1395.00,1766.86,1882.75,1766.86 - 1882.75,Pérdida del soporte en 1350.00 | ROE negativo durante 2 trimestres consecutivos | Ampliación de capital dilutiva | Recorte de rating a bono basura,12-18,"DIAGEO PLC ORD 28 101/108P está un 37.0% por debajo de su máximo 52s. Fundamentalmente sólida con ROE 19.7%, deuda neta/EBITDA 3.6x. Técnicamente 🔵 RSI recuperándose de sobreventa, 🟢 Cruce alcista MACD. Clasificación: seguimiento.","DIAGEO PLC ORD 28 101/108P está un 37.0% por debajo de su máximo 52s. Fundamentalmente sólida con ROE 19.7%, deuda neta/EBITDA 3.6x. Técnicamente 🔵 RSI recuperándose de sobreventa, 🟢 Cruce alcista MACD. Clasificación: seguimiento.",🔵 RSI recuperándose de sobreventa | 🟢 Cruce alcista MACD | 🟢 Cerca de soporte | 🟢 base_pattern_detected,0.05,10,0,False,94.9,1.77,7049476.0,22081000960.0,3.57,-0.5,,60.0,,,19.7,31019.0,17.0,353.97,8.92,37.0,52.8,-21.0,35.0,True,False,-105.2193,False,35.2,36.0,False,1758.79,-20.7,True,False,68,12,0.75,1350.0,False
25,HRL,Hormel Foods Corporation,SP500,Consumer Defensive,Packaged Foods,United States,USD,22.03,1.0,script-v2.0,1.0,2026-04-02T09:08:08.052963+02:00,72.2,73.6,80,68,0,10,68,seguimiento,seguimiento,,True,pass,pendiente,0,desconocido,Pendiente de implementar,parcial,"margin_stabilization (media): Margen gross 15.5% vs 14.0% (+1.5 pp) | eps_stabilization (media): EPS 0.33 vs -0.10 (Diluted EPS) | dividend_maintained (baja): Dividendo actual 5.31% con caída del 31.3% | analyst_upgrade (media): Target 27.62 vs precio 22.03 (+25%), recKey none",razonable,seguimiento,20.76,22.03,20.76 - 22.03,24.85,27.26,24.85 - 27.26,Pérdida del soporte en 20.76 | ROE negativo durante 2 trimestres consecutivos | Ampliación de capital dilutiva | Recorte de rating a bono basura,12-18,"Hormel Foods Corporation está un 31.3% por debajo de su máximo 52s. Fundamentalmente sólida con ROE 6.1%, deuda neta/EBITDA 1.6x. Técnicamente 🟢 Cruce alcista MACD, 🟢 base_pattern_detected. Clasificación: seguimiento.","Hormel Foods Corporation está un 31.3% por debajo de su máximo 52s. Fundamentalmente sólida con ROE 6.1%, deuda neta/EBITDA 1.6x. Técnicamente 🟢 Cruce alcista MACD, 🟢 base_pattern_detected. Clasificación: seguimiento.",🟢 Cruce alcista MACD | 🟢 base_pattern_detected,5.31,11,20,False,130.6,0.36,4751727.0,1956283968.0,1.61,0.0,gross,15.6,15.6,0.0,6.1,12123.0,24.8,1.53,11.63,31.3,35.8,-11.3,35.6,True,False,-0.574,False,3.9,39.2,False,24.58,-10.4,True,False,56,12,1.05,20.76,False
26,HEIA.AS,HEINEKEN,EUROSTOXX,Consumer Defensive,Beverages - Brewers,Netherlands,EUR,67.58,1.0,script-v2.0,1.0,2026-04-02T09:06:31.859101+02:00,71.2,69.9,87,55,0,7,75,seguimiento,seguimiento,,True,pass,pendiente,0,desconocido,Pendiente de implementar,parcial,"eps_stabilization (media): EPS 3.38 vs 1.74 (annual_eps_fallback) | dividend_maintained (baja): Dividendo actual 2.81% con caída del 17.2% | analyst_upgrade (media): Target 88.90 vs precio 67.58 (+32%), recMean 1.78, recKey buy",fuerte,seguimiento,67.19,67.58,67.19 - 67.58,69.41,70.07,69.41 - 70.07,Pérdida del soporte en 67.19 | ROE negativo durante 2 trimestres consecutivos | Ampliación de capital dilutiva | Recorte de rating a bono basura,6-12,"HEINEKEN está un 17.2% por debajo de su máximo 52s. Fundamentalmente sólida con ROE 9.9%, deuda neta/EBITDA 2.6x. Técnicamente 🔵 RSI recuperándose de sobreventa, 🟡 MACD convergiendo. Clasificación: seguimiento.","HEINEKEN está un 17.2% por debajo de su máximo 52s. Fundamentalmente sólida con ROE 9.9%, deuda neta/EBITDA 2.6x. Técnicamente 🔵 RSI recuperándose de sobreventa, 🟡 MACD convergiendo. Clasificación: seguimiento.",🔵 RSI recuperándose de sobreventa | 🟡 MACD convergiendo | 🟢 Volumen creciente | 🟢 Cerca de soporte | 🟡 Apoyo en MA40 semanal,2.81,10,0,False,56.5,0.94,826460.0,14505999360.0,2.63,9.6,,37.0,,,9.9,37788.0,20.0,2.09,9.92,17.2,28.3,-3.6,41.9,False,True,-0.347,False,41.4,26.9,False,70.09,-3.6,False,False,70,5,1.5,67.19,False
27,SWK,"Stanley Black & Decker, Inc.",SP500,Industrials,Tools & Accessories,United States,USD,71.17,1.0,script-v2.0,1.0,2026-04-02T09:07:23.268062+02:00,71.0,70.4,80,62,0,15,73,entrada_directa,entrada_directa,,True,pass,pendiente,0,desconocido,Pendiente de implementar,confirmada,"margin_stabilization (media): Margen gross 33.2% vs 31.4% (+1.8 pp) | eps_stabilization (media): EPS 1.04 vs 0.34 (Diluted EPS) | debt_reduction (alta): Deuda 6340.4M vs 6612.6M | dividend_maintained (baja): Dividendo actual 4.66% con caída del 23.8% | analyst_upgrade (media): Target 90.37 vs precio 71.17 (+27%), recMean 2.47, recKey buy",fuerte,entrada_directa,70.38,71.17,70.38 - 71.17,72.73,79.36,72.73 - 79.36,Pérdida del soporte en 70.38 | ROE negativo durante 2 trimestres consecutivos | Ampliación de capital dilutiva | Recorte de rating a bono basura,6-12,"Stanley Black & Decker, Inc. está un 23.8% por debajo de su máximo 52s. Fundamentalmente sólida con ROE 4.5%, deuda neta/EBITDA 3.6x. Técnicamente 🔵 RSI recuperándose de sobreventa, 🟢 Cruce alcista MACD. Clasificación: entrada_directa.","Stanley Black & Decker, Inc. está un 23.8% por debajo de su máximo 52s. Fundamentalmente sólida con ROE 4.5%, deuda neta/EBITDA 3.6x. Técnicamente 🔵 RSI recuperándose de sobreventa, 🟢 Cruce alcista MACD. Clasificación: entrada_directa.",🔵 RSI recuperándose de sobreventa | 🟢 Cruce alcista MACD | 🟢 Cerca de soporte | 🟡 Apoyo en MA40 semanal,4.66,11,20,False,124.5,0.7,1878886.0,6060300128.0,3.59,-4.1,gross,30.6,30.4,0.2,4.5,11052.0,26.9,1.22,10.14,23.8,31.4,-2.1,43.1,True,False,0.26,False,65.6,47.1,False,73.31,-2.9,False,False,68,5,0.91,70.38,False
28,QCOM,QUALCOMM Incorporated,SP500,Technology,Semiconductors,United States,USD,127.28,1.0,script-v2.0,1.0,2026-04-02T09:08:20.773608+02:00,70.0,78.3,97,62,0,7,45,seguimiento,seguimiento,,True,pass,pendiente,0,desconocido,Pendiente de implementar,parcial,"eps_stabilization (media): EPS 2.78 vs -2.89 (Diluted EPS) | dividend_maintained (baja): Dividendo actual 2.80% con caída del 38.2% | analyst_upgrade (media): Target 154.93 vs precio 127.28 (+22%), recMean 2.61, recKey hold",razonable,seguimiento,120.92,127.28,120.92 - 127.28,156.89,175.06,156.89 - 175.06,Pérdida del soporte en 120.92 | ROE negativo durante 2 trimestres consecutivos | Ampliación de capital dilutiva | Recorte de rating a bono basura,12-18,"QUALCOMM Incorporated está un 38.2% por debajo de su máximo 52s. Fundamentalmente sólida con ROE 21.5%, deuda neta/EBITDA 0.2x. Técnicamente 🟢 Divergencia alcista RSI. Clasificación: seguimiento.","QUALCOMM Incorporated está un 38.2% por debajo de su máximo 52s. Fundamentalmente sólida con ROE 21.5%, deuda neta/EBITDA 0.2x. Técnicamente 🟢 Divergencia alcista RSI. Clasificación: seguimiento.",🟢 Divergencia alcista RSI,2.8,11,20,False,71.0,0.64,11523654.0,2995000320.0,0.22,0.0,gross,55.1,55.1,-0.0,21.5,135941.0,25.7,5.92,10.08,38.2,42.6,-18.9,35.1,False,False,-8.9878,False,18.1,19.1,False,156.18,-18.5,False,False,45,0,0.85,,False
29,WKL.AS,WOLTERS KLUWER,EUROSTOXX,Industrials,Specialty Business Services,Netherlands,EUR,65.08,1.0,script-v2.0,1.0,2026-04-02T09:06:36.484053+02:00,69.8,66.0,74,59,0,12,81,entrada_directa,entrada_directa,,True,pass,pendiente,0,desconocido,Pendiente de implementar,confirmada,"eps_stabilization (media): EPS 5.64 vs 4.52 (annual_eps_fallback) | debt_reduction (alta): Deuda 4972.0M vs 5210.0M | dividend_maintained (baja): Dividendo actual 3.87% con caída del 60.2% | analyst_upgrade (media): Target 112.89 vs precio 65.08 (+73%), recKey none",fuerte,entrada_directa,60.68,65.08,60.68 - 65.08,99.18,139.1,99.18 - 139.10,Pérdida del soporte en 60.68 | ROE negativo durante 2 trimestres consecutivos | Ampliación de capital dilutiva | Recorte de rating a bono basura,18-24,"WOLTERS KLUWER está un 60.2% por debajo de su máximo 52s. Fundamentalmente sólida con ROE 111.7%, deuda neta/EBITDA 2.1x. Técnicamente 🟢 Divergencia alcista RSI, 🟢 Cruce alcista MACD. Clasificación: entrada_directa.","WOLTERS KLUWER está un 60.2% por debajo de su máximo 52s. Fundamentalmente sólida con ROE 111.7%, deuda neta/EBITDA 2.1x. Técnicamente 🟢 Divergencia alcista RSI, 🟢 Cruce alcista MACD. Clasificación: entrada_directa.",🟢 Divergencia alcista RSI | 🟢 Cruce alcista MACD | 🟢 MACD semanal girando al alza | 🟢 base_pattern_detected,3.87,10,0,False,43.1,6.23,1225045.0,4040000256.0,2.09,-4.6,,73.5,,,111.7,14630.0,11.5,18.45,9.69,60.2,63.5,-34.4,46.7,True,False,-12.588,True,54.8,41.1,False,97.08,-33.0,True,False,59,22,1.08,60.68,False
30,SJM,The J.M. Smucker Company,SP500,Consumer Defensive,Packaged Foods,United States,USD,95.49,1.0,script-v2.0,1.0,2026-04-02T09:08:07.720199+02:00,69.1,68.1,66,70,0,9,72,seguimiento,seguimiento,,True,pass,pendiente,0,desconocido,Pendiente de implementar,parcial,"debt_reduction (alta): Deuda 7498.3M vs 7913.6M | dividend_maintained (baja): Dividendo actual 4.61% con caída del 20.9% | analyst_upgrade (media): Target 123.53 vs precio 95.49 (+29%), recMean 2.26, recKey buy",fuerte,seguimiento,90.72,95.49,90.72 - 95.49,102.65,103.42,102.65 - 103.42,Pérdida del soporte en 90.72 | ROE negativo durante 2 trimestres consecutivos | Ampliación de capital dilutiva | Recorte de rating a bono basura,6-12,"The J.M. Smucker Company está un 20.9% por debajo de su máximo 52s. Fundamentalmente sólida con ROE -20.7%, deuda neta/EBITDA 4.0x. Técnicamente 🔵 RSI en sobreventa, 🟡 MACD convergiendo. Clasificación: seguimiento.","The J.M. Smucker Company está un 20.9% por debajo de su máximo 52s. Fundamentalmente sólida con ROE -20.7%, deuda neta/EBITDA 4.0x. Técnicamente 🔵 RSI en sobreventa, 🟡 MACD convergiendo. Clasificación: seguimiento.",🔵 RSI en sobreventa | 🟡 MACD convergiendo | 🟡 Apoyo en MA40 semanal | 🟢 base_pattern_detected,4.61,11,20,False,86.1,1.43,2086052.0,7445499904.0,3.96,-5.2,gross,34.2,33.4,0.8,-20.7,10188.0,9.5,1.95,9.38,20.9,20.0,-7.7,30.0,False,True,-0.7482,False,11.7,12.4,False,104.16,-8.3,True,False,55,17,0.87,,False
31,AIR.PA,AIRBUS SE,EUROSTOXX,Industrials,Aerospace & Defense,Netherlands,EUR,167.9,1.0,script-v2.0,1.0,2026-04-02T09:06:10.813272+02:00,68.8,65.0,89,44,0,4,80,seguimiento,seguimiento,Sin señales de recuperación,True,pass,pendiente,0,desconocido,Pendiente de implementar,ausente,"dividend_maintained (baja): Dividendo actual 1.91% con caída del 24.1% | analyst_upgrade (media): Target 215.52 vs precio 167.90 (+28%), recMean 1.86, recKey buy",fuerte,seguimiento,167.07,167.9,167.07 - 167.90,188.11,190.92,188.11 - 190.92,Pérdida del soporte en 167.07 | ROE negativo durante 2 trimestres consecutivos | Ampliación de capital dilutiva | Recorte de rating a bono basura,6-12,"AIRBUS SE está un 24.1% por debajo de su máximo 52s. Fundamentalmente sólida con ROE 21.6%, deuda neta/EBITDA -0.5x. Técnicamente 🟢 Divergencia alcista RSI, 🟢 Cruce alcista MACD. Clasificación: seguimiento.","AIRBUS SE está un 24.1% por debajo de su máximo 52s. Fundamentalmente sólida con ROE 21.6%, deuda neta/EBITDA -0.5x. Técnicamente 🟢 Divergencia alcista RSI, 🟢 Cruce alcista MACD. Clasificación: seguimiento.",🟢 Divergencia alcista RSI | 🟢 Cruce alcista MACD | 🟢 Cerca de soporte | 🟢 base_pattern_detected,1.91,8,0,False,30.3,0.54,1300405.0,-3706000384.0,-0.47,31.0,gross,15.6,14.9,0.7,21.6,132521.0,25.4,5.06,16.18,24.1,24.1,-12.1,45.2,True,False,-6.509,False,62.8,28.8,False,191.07,-12.1,True,False,68,12,1.12,167.07,False
32,UPS,"United Parcel Service, Inc.",SP500,Industrials,Integrated Freight & Logistics,United States,USD,97.91,1.0,script-v2.0,1.0,2026-04-02T09:07:46.781251+02:00,68.6,69.1,91,50,0,12,67,entrada_escalada,entrada_escalada,,True,pass,pendiente,0,desconocido,Pendiente de implementar,confirmada,margin_stabilization (media): Margen gross 20.8% vs 16.3% (+4.5 pp) | eps_stabilization (media): EPS 2.10 vs 1.55 (Diluted EPS) | debt_reduction (alta): Deuda 28590.0M vs 29211.0M | dividend_maintained (baja): Dividendo actual 6.70% con caída del 20.0%,razonable,entrada_escalada,96.19,97.91,96.19 - 97.91,94.82,104.05,94.82 - 104.05,Pérdida del soporte en 96.19 | ROE negativo durante 2 trimestres consecutivos | Ampliación de capital dilutiva | Recorte de rating a bono basura,6-12,"United Parcel Service, Inc. está un 20.0% por debajo de su máximo 52s. Fundamentalmente sólida con ROE 33.8%, deuda neta/EBITDA 1.9x. Técnicamente 🔵 RSI recuperándose de sobreventa, 🟢 Cruce alcista MACD. Clasificación: entrada_escalada.","United Parcel Service, Inc. está un 20.0% por debajo de su máximo 52s. Fundamentalmente sólida con ROE 33.8%, deuda neta/EBITDA 1.9x. Técnicamente 🔵 RSI recuperándose de sobreventa, 🟢 Cruce alcista MACD. Clasificación: entrada_escalada.",🔵 RSI recuperándose de sobreventa | 🟢 Cruce alcista MACD | 🟢 Cerca de soporte | 🟡 Apoyo en MA40 semanal,6.7,11,20,False,100.0,1.76,6640413.0,22703000064.0,1.86,-2.1,gross,22.6,18.0,4.6,33.8,83191.0,14.9,5.12,8.67,20.0,29.1,3.3,40.7,True,False,1.5916,False,68.3,52.6,False,95.08,3.0,False,False,62,5,0.77,96.19,False
33,IMB.L,IMPERIAL BRANDS PLC ORD 10P,EUROSTOXX,Consumer Defensive,Tobacco,United Kingdom,GBp,3041.0,1.0,script-v2.0,1.0,2026-04-02T09:07:09.471889+02:00,68.5,65.9,83,51,0,6,76,seguimiento,seguimiento,,True,pass,pendiente,0,desconocido,Pendiente de implementar,parcial,debt_reduction (alta): Deuda 10267.0M vs 10895.0M | dividend_maintained (baja): Dividendo actual 0.05% con caída del 16.3%,fuerte,seguimiento,2888.95,3041.0,2888.95 - 3041.00,3087.23,3091.63,3087.23 - 3091.63,Pérdida del soporte en 2888.95 | ROE negativo durante 2 trimestres consecutivos | Ampliación de capital dilutiva | Recorte de rating a bono basura,6-12,"IMPERIAL BRANDS PLC ORD 10P está un 16.3% por debajo de su máximo 52s. Fundamentalmente sólida con ROE 38.7%, deuda neta/EBITDA 2.2x. Técnicamente 🔵 RSI recuperándose de sobreventa, 🟢 Divergencia alcista RSI. Clasificación: seguimiento.","IMPERIAL BRANDS PLC ORD 10P está un 16.3% por debajo de su máximo 52s. Fundamentalmente sólida con ROE 38.7%, deuda neta/EBITDA 2.2x. Técnicamente 🔵 RSI recuperándose de sobreventa, 🟢 Divergencia alcista RSI. Clasificación: seguimiento.",🔵 RSI recuperándose de sobreventa | 🟢 Divergencia alcista RSI | 🟡 MACD convergiendo | 🟡 Apoyo en MA40 semanal | 🟢 base_pattern_detected,0.05,11,20,False,75.7,1.89,2287606.0,8816999808.0,2.19,-5.8,,36.9,,,38.7,23681.0,12.2,507.0,8.41,16.3,16.3,-1.6,41.0,False,True,16.9977,False,18.4,27.1,False,3102.77,-2.0,True,False,59,17,0.93,,True
34,HEI.DE,Heidelberg Materials AG       I,EUROSTOXX,Basic Materials,Building Materials,Germany,EUR,182.55,1.0,script-v2.0,1.0,2026-04-02T09:06:08.176501+02:00,67.8,72.7,85,62,0,7,53,seguimiento,seguimiento,,True,pass,pendiente,0,desconocido,Pendiente de implementar,parcial,"eps_stabilization (media): EPS 10.92 vs 9.87 (annual_eps_fallback) | dividend_maintained (baja): Dividendo actual 1.97% con caída del 24.5% | analyst_upgrade (media): Target 230.26 vs precio 182.55 (+26%), recMean 1.84, recKey buy",razonable,seguimiento,182.45,182.55,182.45 - 182.55,202.9,205.53,202.90 - 205.53,Pérdida del soporte en 182.45 | ROE negativo durante 2 trimestres consecutivos | Ampliación de capital dilutiva | Recorte de rating a bono basura,6-12,"Heidelberg Materials AG       I está un 24.5% por debajo de su máximo 52s. Fundamentalmente sólida con ROE 11.1%, deuda neta/EBITDA 1.3x. Técnicamente 🟢 Divergencia alcista RSI, 🟢 Cerca de soporte. Clasificación: seguimiento.","Heidelberg Materials AG       I está un 24.5% por debajo de su máximo 52s. Fundamentalmente sólida con ROE 11.1%, deuda neta/EBITDA 1.3x. Técnicamente 🟢 Divergencia alcista RSI, 🟢 Cerca de soporte. Clasificación: seguimiento.",🟢 Divergencia alcista RSI | 🟢 Cerca de soporte,1.97,10,0,False,29.5,0.43,551358.0,5759299840.0,1.28,23.5,,64.1,,,11.1,32123.0,16.3,1.78,8.74,24.5,24.5,-10.0,51.0,False,False,-6.5528,False,83.4,82.5,False,203.02,-10.1,False,False,53,0,1.03,182.45,False
35,IBM,International Business Machines,SP500,Technology,Information Technology Services,United States,USD,243.14,1.0,script-v2.0,1.0,2026-04-02T09:07:44.187270+02:00,67.4,65.2,94,40,0,15,74,entrada_directa,entrada_directa,,True,pass,pendiente,0,desconocido,Pendiente de implementar,confirmada,"margin_stabilization (media): Margen gross 60.6% vs 57.3% (+3.3 pp) | eps_stabilization (media): EPS 5.88 vs 1.84 (Diluted EPS) | debt_reduction (alta): Deuda 64607.0M vs 66569.0M | dividend_maintained (baja): Dividendo actual 2.76% con caída del 25.2% | analyst_upgrade (media): Target 313.40 vs precio 243.14 (+29%), recMean 2.19, recKey buy",fuerte,entrada_directa,237.56,243.14,237.56 - 243.14,275.32,276.16,275.32 - 276.16,Pérdida del soporte en 237.56 | ROE negativo durante 2 trimestres consecutivos | Ampliación de capital dilutiva | Recorte de rating a bono basura,12-18,"International Business Machines está un 25.2% por debajo de su máximo 52s. Fundamentalmente sólida con ROE 35.2%, deuda neta/EBITDA 3.1x. Técnicamente 🔵 RSI recuperándose de sobreventa, 🟢 Divergencia alcista RSI. Clasificación: entrada_directa.","International Business Machines está un 25.2% por debajo de su máximo 52s. Fundamentalmente sólida con ROE 35.2%, deuda neta/EBITDA 3.1x. Técnicamente 🔵 RSI recuperándose de sobreventa, 🟢 Divergencia alcista RSI. Clasificación: entrada_directa.",🔵 RSI recuperándose de sobreventa | 🟢 Divergencia alcista RSI | 🟢 Cerca de soporte | 🟢 base_pattern_detected,2.76,11,20,False,60.2,1.97,5886670.0,50189998080.0,3.11,-2.9,gross,58.2,58.0,0.2,35.2,228165.0,21.8,6.98,17.27,25.2,24.7,-11.7,44.5,False,False,-9.8426,False,38.3,29.3,False,274.8,-11.5,True,False,62,12,0.78,237.56,False
36,CON.DE,CONTINENTAL AG                I,EUROSTOXX,Consumer Cyclical,Auto Parts,Germany,EUR,62.74,1.0,script-v2.0,1.0,2026-04-02T09:05:58.544966+02:00,66.7,68.3,64,72,0,6,62,seguimiento,seguimiento,,True,pass,pendiente,0,desconocido,Pendiente de implementar,parcial,debt_reduction (alta): Deuda 6826.0M vs 7592.0M | dividend_maintained (baja): Dividendo actual 4.30% con caída del 20.3%,razonable,seguimiento,55.76,62.74,55.76 - 62.74,66.88,67.35,66.88 - 67.35,Pérdida del soporte en 55.76 | ROE negativo durante 2 trimestres consecutivos | Ampliación de capital dilutiva | Recorte de rating a bono basura,6-12,"CONTINENTAL AG                I está un 20.3% por debajo de su máximo 52s. Fundamentalmente sólida con ROE -4.4%, deuda neta/EBITDA 2.1x. Técnicamente 🟢 Cruce alcista MACD, 🟡 Apoyo en MA40 semanal. Clasificación: seguimiento.","CONTINENTAL AG                I está un 20.3% por debajo de su máximo 52s. Fundamentalmente sólida con ROE -4.4%, deuda neta/EBITDA 2.1x. Técnicamente 🟢 Cruce alcista MACD, 🟡 Apoyo en MA40 semanal. Clasificación: seguimiento.",🟢 Cruce alcista MACD | 🟡 Apoyo en MA40 semanal | 🟢 base_pattern_detected,4.3,9,0,False,44.9,1.64,426649.0,5322999808.0,2.11,-10.1,gross,26.0,26.0,0.0,-4.4,12548.0,8.4,3.19,7.16,20.3,20.3,-6.8,48.9,True,False,-1.1057,False,88.1,59.6,False,67.02,-6.4,True,False,45,17,0.9,55.76,False
37,PG,Procter & Gamble Company (The),SP500,Consumer Defensive,Household & Personal Products,United States,USD,144.09,1.0,script-v2.0,1.0,2026-04-02T09:07:12.751427+02:00,66.5,66.4,100,37,0,4,67,seguimiento,seguimiento,Sin señales de recuperación,True,pass,pendiente,0,desconocido,Pendiente de implementar,ausente,margin_stabilization (media): Margen gross 51.2% vs 51.4% (-0.2 pp) | dividend_maintained (baja): Dividendo actual 2.94% con caída del 17.6%,razonable,seguimiento,136.89,144.09,136.89 - 144.09,148.58,150.68,148.58 - 150.68,Pérdida del soporte en 136.89 | ROE negativo durante 2 trimestres consecutivos | Ampliación de capital dilutiva | Recorte de rating a bono basura,6-12,"Procter & Gamble Company (The) está un 17.6% por debajo de su máximo 52s. Fundamentalmente sólida con ROE 31.6%, deuda neta/EBITDA 1.0x. Técnicamente 🔵 RSI recuperándose de sobreventa, 🟡 MACD convergiendo. Clasificación: seguimiento.","Procter & Gamble Company (The) está un 17.6% por debajo de su máximo 52s. Fundamentalmente sólida con ROE 31.6%, deuda neta/EBITDA 1.0x. Técnicamente 🔵 RSI recuperándose de sobreventa, 🟡 MACD convergiendo. Clasificación: seguimiento.",🔵 RSI recuperándose de sobreventa | 🟡 MACD convergiendo | 🟡 Apoyo en MA40 semanal | 🟢 base_pattern_detected,2.94,11,20,False,61.9,0.69,11732649.0,25813998592.0,1.04,1.9,gross,51.2,50.7,0.5,31.6,336700.0,21.4,6.41,14.61,17.6,17.7,-4.4,36.0,False,True,-0.749,False,18.2,19.9,False,150.5,-4.3,True,False,50,17,0.86,,True
38,LOW,"Lowe's Companies, Inc.",SP500,Consumer Cyclical,Home Improvement Retail,United States,USD,235.98,1.0,script-v2.0,1.0,2026-04-02T09:07:29.613299+02:00,66.5,64.3,76,54,0,9,73,seguimiento,seguimiento,,True,pass,pendiente,0,desconocido,Pendiente de implementar,parcial,"debt_reduction (alta): Deuda 44677.0M vs 44696.0M | dividend_maintained (baja): Dividendo actual 2.03% con caída del 19.5% | analyst_upgrade (media): Target 285.42 vs precio 235.98 (+21%), recMean 1.92, recKey buy",fuerte,seguimiento,224.85,235.98,224.85 - 235.98,245.58,249.1,245.58 - 249.10,Pérdida del soporte en 224.85 | ROE negativo durante 2 trimestres consecutivos | Ampliación de capital dilutiva | Recorte de rating a bono basura,6-12,"Lowe's Companies, Inc. está un 19.5% por debajo de su máximo 52s. Fundamentalmente sólida con deuda neta/EBITDA 3.5x, dividendo 2.0%. Técnicamente 🔵 RSI recuperándose de sobreventa, 🟢 Cruce alcista MACD. Clasificación: seguimiento.","Lowe's Companies, Inc. está un 19.5% por debajo de su máximo 52s. Fundamentalmente sólida con deuda neta/EBITDA 3.5x, dividendo 2.0%. Técnicamente 🔵 RSI recuperándose de sobreventa, 🟢 Cruce alcista MACD. Clasificación: seguimiento.",🔵 RSI recuperándose de sobreventa | 🟢 Cruce alcista MACD | 🟢 Cerca de soporte | 🟡 Apoyo en MA40 semanal,2.03,11,20,False,40.1,,2867344.0,43695001216.0,3.52,-0.0,gross,33.5,33.5,0.0,,132373.0,19.9,-13.35,14.18,19.5,19.5,-3.9,40.6,True,False,-1.0685,False,59.6,48.8,False,247.46,-4.6,False,False,68,5,0.97,224.85,False
39,BMW.DE,BAYERISCHE MOTOREN WERKE AG   S,EUROSTOXX,Consumer Cyclical,Auto Manufacturers,Germany,EUR,79.02,1.0,script-v2.0,1.0,2026-04-02T09:05:55.793967+02:00,66.3,61.1,52,69,0,1,82,seguimiento,seguimiento,Sin señales de recuperación,True,pass,pendiente,0,desconocido,Pendiente de implementar,ausente,dividend_maintained (baja): Dividendo actual 5.57% con caída del 19.3%,fuerte,seguimiento,78.18,79.02,78.18 - 79.02,83.23,85.54,83.23 - 85.54,Pérdida del soporte en 78.18 | ROE negativo durante 2 trimestres consecutivos | Ampliación de capital dilutiva | Recorte de rating a bono basura,6-12,"BAYERISCHE MOTOREN WERKE AG   S está un 19.3% por debajo de su máximo 52s. Fundamentalmente sólida con ROE 7.7%, deuda neta/EBITDA 6.0x. Técnicamente 🔵 RSI recuperándose de sobreventa, 🟢 Divergencia alcista RSI. Clasificación: seguimiento.","BAYERISCHE MOTOREN WERKE AG   S está un 19.3% por debajo de su máximo 52s. Fundamentalmente sólida con ROE 7.7%, deuda neta/EBITDA 6.0x. Técnicamente 🔵 RSI recuperándose de sobreventa, 🟢 Divergencia alcista RSI. Clasificación: seguimiento.",🔵 RSI recuperándose de sobreventa | 🟢 Divergencia alcista RSI | 🟢 Cruce alcista MACD | 🟢 Cerca de soporte | 🟡 Apoyo en MA40 semanal,5.57,10,0,False,36.2,1.13,1044236.0,94844997632.0,6.02,29.2,gross,13.8,15.6,-1.8,7.7,47975.0,6.6,0.5,9.21,19.3,23.3,-7.6,42.9,True,False,-1.6096,False,66.7,58.4,False,86.32,-8.5,False,False,77,5,0.74,78.18,False
40,KMB,Kimberly-Clark Corporation,SP500,Consumer Defensive,Household & Personal Products,United States,USD,97.57,1.0,script-v2.0,1.0,2026-04-02T09:08:08.080548+02:00,64.8,61.0,69,54,0,7,76,seguimiento,seguimiento,,True,pass,pendiente,0,desconocido,Pendiente de implementar,parcial,margin_stabilization (media): Margen gross 35.9% vs 36.0% (-0.1 pp) | eps_stabilization (media): EPS 1.50 vs 1.34 (Diluted EPS) | dividend_maintained (baja): Dividendo actual 5.25% con caída del 33.7%,fuerte,seguimiento,92.69,97.57,92.69 - 97.57,112.0,125.05,112.00 - 125.05,Pérdida del soporte en 92.69 | ROE negativo durante 2 trimestres consecutivos | Ampliación de capital dilutiva | Recorte de rating a bono basura,12-18,"Kimberly-Clark Corporation está un 33.7% por debajo de su máximo 52s. Fundamentalmente sólida con ROE 126.6%, deuda neta/EBITDA 2.1x. Técnicamente 🟢 Divergencia alcista RSI, 🟡 MACD convergiendo. Clasificación: seguimiento.","Kimberly-Clark Corporation está un 33.7% por debajo de su máximo 52s. Fundamentalmente sólida con ROE 126.6%, deuda neta/EBITDA 2.1x. Técnicamente 🟢 Divergencia alcista RSI, 🟡 MACD convergiendo. Clasificación: seguimiento.",🟢 Divergencia alcista RSI | 🟡 MACD convergiendo | 🟢 Bajo SMA200 con SMA50 girando | 🟢 base_pattern_detected,5.25,11,20,False,103.7,4.65,5828573.0,6802000000.0,2.13,3.7,gross,37.3,35.7,1.6,126.6,32386.0,20.1,21.56,12.29,33.7,32.3,-12.9,39.6,False,True,-3.9714,False,42.3,24.4,False,111.4,-12.4,True,False,64,12,1.09,,True
41,REN.AS,RELX,EUROSTOXX,Industrials,Specialty Business Services,United Kingdom,EUR,28.74,1.0,script-v2.0,1.0,2026-04-02T09:06:34.787278+02:00,64.7,64.5,72,58,0,12,65,entrada_escalada,entrada_escalada,,True,pass,pendiente,0,desconocido,Pendiente de implementar,confirmada,"eps_stabilization (media): EPS 1.12 vs 1.03 (annual_eps_fallback) | debt_reduction (alta): Deuda 7267.0M vs 7535.0M | dividend_maintained (baja): Dividendo actual 2.71% con caída del 42.4% | analyst_upgrade (media): Target 45.85 vs precio 28.74 (+60%), recMean 1.00, recKey strong_buy",razonable,entrada_escalada,27.36,28.44,27.36 - 28.44,36.67,42.4,36.67 - 42.40,Pérdida del soporte en 27.36 | ROE negativo durante 2 trimestres consecutivos | Ampliación de capital dilutiva | Recorte de rating a bono basura,18-24,"RELX está un 42.4% por debajo de su máximo 52s. Fundamentalmente sólida con ROE 70.5%, deuda neta/EBITDA 2.2x. Técnicamente 🟢 Divergencia alcista RSI, 🟡 MACD convergiendo. Clasificación: entrada_escalada.","RELX está un 42.4% por debajo de su máximo 52s. Fundamentalmente sólida con ROE 70.5%, deuda neta/EBITDA 2.2x. Técnicamente 🟢 Divergencia alcista RSI, 🟡 MACD convergiendo. Clasificación: entrada_escalada.",🟢 Divergencia alcista RSI | 🟡 MACD convergiendo | 🟢 Cerca de soporte | 🟢 MACD semanal girando al alza,2.71,10,0,False,57.4,3.04,2115292.0,7135999808.0,2.23,-3.6,,66.3,,,70.5,51396.0,22.5,19.31,18.56,42.4,42.2,-21.6,48.9,False,True,-2.8568,True,43.7,39.5,False,36.21,-20.6,False,False,55,10,0.73,27.36,False
42,AVGO,Broadcom Inc.,SP500,Technology,Semiconductors,United States,USD,313.49,1.0,script-v2.0,1.0,2026-04-02T09:08:17.933634+02:00,63.6,64.2,93,39,0,12,62,entrada_escalada,entrada_escalada,,True,pass,pendiente,0,desconocido,Pendiente de implementar,confirmada,"margin_stabilization (media): Margen gross 68.1% vs 68.0% (+0.1 pp) | debt_reduction (alta): Deuda 40457.0M vs 65136.0M | dividend_maintained (baja): Dividendo actual 0.83% con caída del 24.4% | analyst_upgrade (media): Target 471.55 vs precio 313.49 (+50%), recMean 1.22, recKey strong_buy",razonable,entrada_escalada,292.32,313.49,292.32 - 313.49,326.29,352.42,326.29 - 352.42,Pérdida del soporte en 292.32 | ROE negativo durante 2 trimestres consecutivos | Ampliación de capital dilutiva | Recorte de rating a bono basura,6-12,"Broadcom Inc. está un 24.4% por debajo de su máximo 52s. Fundamentalmente sólida con ROE 33.4%, deuda neta/EBITDA 0.8x. Técnicamente 🟢 Divergencia alcista RSI, 🟡 MACD convergiendo. Clasificación: entrada_escalada.","Broadcom Inc. está un 24.4% por debajo de su máximo 52s. Fundamentalmente sólida con ROE 33.4%, deuda neta/EBITDA 0.8x. Técnicamente 🟢 Divergencia alcista RSI, 🟡 MACD convergiendo. Clasificación: entrada_escalada.",🟢 Divergencia alcista RSI | 🟡 MACD convergiendo | 🟡 Apoyo en MA40 semanal | 🟢 base_pattern_detected,0.83,11,17,False,47.2,1.66,26714381.0,29351998464.0,0.79,-37.9,gross,76.7,67.8,8.9,33.4,1486342.0,61.0,5.29,4.25,24.4,24.1,-3.9,46.8,False,True,-1.5697,False,49.4,31.8,False,328.44,-4.6,True,False,45,17,0.86,292.32,False
43,ULVR.L,UNILEVER PLC ORD 3.5P,EUROSTOXX,Consumer Defensive,Household & Personal Products,United Kingdom,GBp,4187.0,1.0,script-v2.0,1.0,2026-04-02T09:06:59.834127+02:00,63.1,64.9,83,49,0,9,58,seguimiento,seguimiento,,True,pass,pendiente,0,desconocido,Pendiente de implementar,parcial,"debt_reduction (alta): Deuda 28278.0M vs 30655.0M | dividend_maintained (baja): Dividendo actual 0.04% con caída del 24.5% | analyst_upgrade (media): Target 5283.54 vs precio 4187.00 (+26%), recMean 2.50, recKey buy",razonable,seguimiento,3977.65,4187.0,3977.65 - 4187.00,4710.79,4874.46,4710.79 - 4874.46,Pérdida del soporte en 3977.65 | ROE negativo durante 2 trimestres consecutivos | Ampliación de capital dilutiva | Recorte de rating a bono basura,6-12,"UNILEVER PLC ORD 3.5P está un 24.5% por debajo de su máximo 52s. Fundamentalmente sólida con ROE 31.0%, deuda neta/EBITDA 2.1x. Técnicamente 🔵 RSI en sobreventa, 🟢 Volumen creciente. Clasificación: seguimiento.","UNILEVER PLC ORD 3.5P está un 24.5% por debajo de su máximo 52s. Fundamentalmente sólida con ROE 31.0%, deuda neta/EBITDA 2.1x. Técnicamente 🔵 RSI en sobreventa, 🟢 Volumen creciente. Clasificación: seguimiento.",🔵 RSI en sobreventa | 🟢 Volumen creciente | 🟢 Estocástico sale de sobreventa,0.04,11,20,False,79.0,1.61,4665740.0,23265999872.0,2.14,-7.8,,46.9,,,31.0,91484.0,18.4,672.33,10.74,24.5,24.4,-14.1,18.3,False,False,-73.3574,False,14.1,10.3,True,4876.96,-14.1,False,False,52,6,1.87,,False
44,UBSG.SW,UBS GROUP N,EUROSTOXX,Financial Services,Banks - Diversified,Switzerland,CHF,31.56,1.0,script-v2.0,1.0,2026-04-02T09:06:56.331936+02:00,62.7,62.9,65,61,0,4,62,seguimiento,seguimiento,Sin señales de recuperación,True,pass,pendiente,0,desconocido,Pendiente de implementar,ausente,"dividend_maintained (baja): Dividendo actual 2.69% con caída del 17.8% | analyst_upgrade (media): Target 38.76 vs precio 31.56 (+23%), recMean 2.41, recKey buy",razonable,seguimiento,29.6,31.56,29.60 - 31.56,31.84,32.63,31.84 - 32.63,Pérdida del soporte en 29.60 | ROE negativo durante 2 trimestres consecutivos | Ampliación de capital dilutiva | Recorte de rating a bono basura,6-12,"UBS GROUP N está un 17.8% por debajo de su máximo 52s. Fundamentalmente sólida con ROE 8.9%, dividendo 2.7%. Técnicamente 🟢 Divergencia alcista RSI, 🟢 MACD semanal girando al alza. Clasificación: seguimiento.","UBS GROUP N está un 17.8% por debajo de su máximo 52s. Fundamentalmente sólida con ROE 8.9%, dividendo 2.7%. Técnicamente 🟢 Divergencia alcista RSI, 🟢 MACD semanal girando al alza. Clasificación: seguimiento.",🟢 Divergencia alcista RSI | 🟢 MACD semanal girando al alza | 🟡 Apoyo en MA40 semanal | 🟢 base_pattern_detected,2.69,9,0,False,38.1,,6432931.0,67733028864.0,,56.1,,0.0,,,8.9,97574.0,16.7,1.36,,17.8,17.8,-0.9,57.4,False,False,-0.4102,True,86.4,82.2,False,32.26,-2.2,True,False,35,27,0.99,29.6,False
45,UCG.MI,UNICREDIT,EUROSTOXX,Financial Services,Banks - Regional,Italy,EUR,64.29,1.0,script-v2.0,1.0,2026-04-02T09:06:41.100222+02:00,62.5,66.7,72,62,0,4,50,seguimiento,seguimiento,Sin señales de recuperación,True,pass,pendiente,0,desconocido,Pendiente de implementar,ausente,"dividend_maintained (baja): Dividendo actual 4.90% con caída del 19.4% | analyst_upgrade (media): Target 83.80 vs precio 64.29 (+30%), recMean 2.00, recKey buy",razonable,seguimiento,60.55,64.29,60.55 - 64.29,64.88,67.82,64.88 - 67.82,Pérdida del soporte en 60.55 | ROE negativo durante 2 trimestres consecutivos | Ampliación de capital dilutiva | Recorte de rating a bono basura,6-12,"UNICREDIT está un 19.4% por debajo de su máximo 52s. Fundamentalmente sólida con ROE 16.8%, dividendo 4.9%. Técnicamente 🟢 Cruce alcista MACD, 🟡 Apoyo en MA40 semanal. Clasificación: seguimiento.","UNICREDIT está un 19.4% por debajo de su máximo 52s. Fundamentalmente sólida con ROE 16.8%, dividendo 4.9%. Técnicamente 🟢 Cruce alcista MACD, 🟡 Apoyo en MA40 semanal. Clasificación: seguimiento.",🟢 Cruce alcista MACD | 🟡 Apoyo en MA40 semanal,4.9,8,0,False,42.0,,5997562.0,57685999616.0,,61.4,,0.0,,,16.8,96324.0,9.3,1.43,,19.4,19.4,-0.9,48.5,True,False,0.3883,False,81.7,46.1,False,65.12,-1.3,False,False,45,5,0.99,60.55,False
46,BDX,"Becton, Dickinson and Company",SP500,Healthcare,Medical Instruments & Supplies,United States,USD,156.34,1.0,script-v2.0,1.0,2026-04-02T09:07:26.390001+02:00,61.8,63.0,79,49,0,4,58,seguimiento,seguimiento,Sin señales de recuperación,True,pass,pendiente,0,desconocido,Pendiente de implementar,ausente,"dividend_maintained (baja): Dividendo actual 2.69% con caída del 16.6% | analyst_upgrade (media): Target 196.08 vs precio 156.34 (+25%), recMean 2.36, recKey buy",razonable,seguimiento,152.78,156.34,152.78 - 156.34,150.84,159.25,150.84 - 159.25,Pérdida del soporte en 152.78 | ROE negativo durante 2 trimestres consecutivos | Ampliación de capital dilutiva | Recorte de rating a bono basura,6-12,"Becton, Dickinson and Company está un 16.6% por debajo de su máximo 52s. Fundamentalmente sólida con ROE 7.0%, deuda neta/EBITDA 3.1x. Técnicamente 🔵 RSI recuperándose de sobreventa, 🟡 MACD convergiendo. Clasificación: seguimiento.","Becton, Dickinson and Company está un 16.6% por debajo de su máximo 52s. Fundamentalmente sólida con ROE 7.0%, deuda neta/EBITDA 3.1x. Técnicamente 🔵 RSI recuperándose de sobreventa, 🟡 MACD convergiendo. Clasificación: seguimiento.",🔵 RSI recuperándose de sobreventa | 🟡 MACD convergiendo | 🟢 Cerca de soporte | 🟡 Apoyo en MA40 semanal,2.69,11,20,False,68.1,0.77,2795935.0,18787999296.0,3.11,1.9,gross,46.8,46.0,0.8,7.0,56641.0,25.6,1.76,10.48,16.6,18.9,3.6,39.6,False,True,2.7606,False,30.8,28.0,False,152.06,2.8,False,False,53,5,0.83,152.78,False
47,SAN.PA,SANOFI,EUROSTOXX,Healthcare,Drug Manufacturers - General,France,EUR,82.87,1.0,script-v2.0,1.0,2026-04-02T09:06:22.923016+02:00,61.0,63.1,78,50,0,6,55,seguimiento,seguimiento,,True,pass,pendiente,0,desconocido,Pendiente de implementar,parcial,debt_reduction (alta): Deuda 20329.0M vs 21755.0M | dividend_maintained (baja): Dividendo actual 4.97% con caída del 18.7%,razonable,seguimiento,78.16,79.26,78.16 - 79.26,82.57,86.62,82.57 - 86.62,Pérdida del soporte en 78.16 | ROE negativo durante 2 trimestres consecutivos | Ampliación de capital dilutiva | Recorte de rating a bono basura,6-12,"SANOFI está un 18.7% por debajo de su máximo 52s. Fundamentalmente sólida con ROE 6.7%, deuda neta/EBITDA 1.0x. Técnicamente 🟢 Divergencia alcista RSI, 🟢 MACD semanal girando al alza. Clasificación: seguimiento.","SANOFI está un 18.7% por debajo de su máximo 52s. Fundamentalmente sólida con ROE 6.7%, deuda neta/EBITDA 1.0x. Técnicamente 🟢 Divergencia alcista RSI, 🟢 MACD semanal girando al alza. Clasificación: seguimiento.",🟢 Divergencia alcista RSI | 🟢 MACD semanal girando al alza | 🟡 Apoyo en MA40 semanal | 🟢 base_pattern_detected,4.97,10,0,False,97.3,0.28,2443888.0,12655001088.0,1.0,-6.6,gross,72.3,72.1,0.3,6.7,99698.0,20.6,1.4,8.95,18.7,22.0,0.4,66.5,False,False,-1.3537,True,89.3,88.7,False,82.63,0.3,True,False,28,27,0.91,78.16,False
48,SIE.DE,SIEMENS AG                    N,EUROSTOXX,Industrials,Specialty Industrial Machinery,Germany,EUR,215.35,1.0,script-v2.0,1.0,2026-04-02T09:06:01.779751+02:00,60.3,63.7,92,39,0,10,50,seguimiento,seguimiento,,True,pass,pendiente,0,desconocido,Pendiente de implementar,parcial,"margin_stabilization (media): Margen gross 39.9% vs 37.8% (+2.1 pp) | eps_stabilization (media): EPS 2.58 vs 2.58 (Diluted EPS) | dividend_maintained (baja): Dividendo actual 2.48% con caída del 21.9% | analyst_upgrade (media): Target 275.16 vs precio 215.35 (+28%), recMean 1.96, recKey buy",razonable,seguimiento,200.2,215.35,200.20 - 215.35,229.5,234.39,229.50 - 234.39,Pérdida del soporte en 200.20 | ROE negativo durante 2 trimestres consecutivos | Ampliación de capital dilutiva | Recorte de rating a bono basura,6-12,"SIEMENS AG                    N está un 21.9% por debajo de su máximo 52s. Fundamentalmente sólida con ROE 12.8%, deuda neta/EBITDA 3.4x. Técnicamente 🟢 Cruce alcista MACD, 🟡 Apoyo en MA40 semanal. Clasificación: seguimiento.","SIEMENS AG                    N está un 21.9% por debajo de su máximo 52s. Fundamentalmente sólida con ROE 12.8%, deuda neta/EBITDA 3.4x. Técnicamente 🟢 Cruce alcista MACD, 🟡 Apoyo en MA40 semanal. Clasificación: seguimiento.",🟢 Cruce alcista MACD | 🟡 Apoyo en MA40 semanal,2.48,11,20,False,51.8,0.78,1388814.0,41201998848.0,3.44,0.8,gross,38.8,38.9,-0.0,12.8,164257.0,21.4,2.57,17.99,21.9,20.2,-6.2,45.7,True,False,-2.8915,False,67.8,39.0,False,230.09,-6.4,False,False,45,5,0.88,200.2,False
49,WFC,Wells Fargo & Company,SP500,Financial Services,Banks - Diversified,United States,USD,80.57,1.0,script-v2.0,1.0,2026-04-02T09:07:36.673038+02:00,59.1,60.1,74,48,0,4,56,seguimiento,seguimiento,Sin señales de recuperación,True,pass,pendiente,0,desconocido,Pendiente de implementar,ausente,"dividend_maintained (baja): Dividendo actual 2.23% con caída del 17.6% | analyst_upgrade (media): Target 99.02 vs precio 80.57 (+23%), recMean 1.89, recKey buy",razonable,seguimiento,75.07,80.57,75.07 - 80.57,83.1,83.54,83.10 - 83.54,Pérdida del soporte en 75.07 | ROE negativo durante 2 trimestres consecutivos | Ampliación de capital dilutiva | Recorte de rating a bono basura,6-12,"Wells Fargo & Company está un 17.6% por debajo de su máximo 52s. Fundamentalmente sólida con ROE 11.7%, dividendo 2.2%. Técnicamente 🟢 Divergencia alcista RSI, 🟡 Apoyo en MA40 semanal. Clasificación: seguimiento.","Wells Fargo & Company está un 17.6% por debajo de su máximo 52s. Fundamentalmente sólida con ROE 11.7%, dividendo 2.2%. Técnicamente 🟢 Divergencia alcista RSI, 🟡 Apoyo en MA40 semanal. Clasificación: seguimiento.",🟢 Divergencia alcista RSI | 🟡 Apoyo en MA40 semanal | 🟢 base_pattern_detected,2.23,11,20,False,27.2,,17716795.0,-5703008256.0,,107.1,,0.0,,,11.7,248610.0,12.9,1.51,,17.6,17.2,-3.6,51.2,False,False,-1.1218,False,85.3,69.6,False,83.9,-4.0,True,False,39,17,0.86,75.07,False
50,FMG.AX,FORTESCUE FPO [FMG],ASX,Basic Materials,Other Industrial Metals & Mining,Australia,AUD,20.25,1.0,script-v2.0,1.0,2026-04-02T09:08:29.284313+02:00,58.0,61.1,100,27,0,1,49,seguimiento,seguimiento,Sin señales de recuperación,False,pass,pendiente,0,desconocido,Pendiente de implementar,ausente,dividend_maintained (baja): Dividendo actual 6.12% con caída del 13.4%,razonable,seguimiento,19.84,20.14,19.84 - 20.14,19.24,19.87,19.24 - 19.87,Pérdida del soporte en 19.84 | ROE negativo durante 2 trimestres consecutivos | Ampliación de capital dilutiva | Recorte de rating a bono basura,6-12,"FORTESCUE FPO [FMG] está un 13.4% por debajo de su máximo 52s. Fundamentalmente sólida con ROE 18.7%, deuda neta/EBITDA 0.1x. Técnicamente 🟢 Divergencia alcista RSI, 🟢 Cerca de soporte. Clasificación: seguimiento.","FORTESCUE FPO [FMG] está un 13.4% por debajo de su máximo 52s. Fundamentalmente sólida con ROE 18.7%, deuda neta/EBITDA 0.1x. Técnicamente 🟢 Divergencia alcista RSI, 🟢 Cerca de soporte. Clasificación: seguimiento.",🟢 Divergencia alcista RSI | 🟢 Cerca de soporte | 🟢 base_pattern_detected,6.12,11,16,True,58.0,0.28,7254616.0,1013000192.0,0.12,,,41.9,,,18.7,62349.0,11.4,2.08,7.96,13.4,15.7,5.2,52.1,False,False,0.2497,False,63.7,79.4,False,19.46,4.1,True,False,37,12,0.89,19.84,False
51,RNO.PA,RENAULT,EUROSTOXX,Consumer Cyclical,Auto Manufacturers,France,EUR,30.04,1.0,script-v2.0,1.0,2026-04-02T09:06:29.782235+02:00,56.8,60.7,25,92,0,4,45,seguimiento,seguimiento,Sin señales de recuperación,False,pass,pendiente,0,desconocido,Pendiente de implementar,ausente,"dividend_maintained (baja): Dividendo actual 7.32% con caída del 39.6% | analyst_upgrade (media): Target 40.28 vs precio 30.04 (+34%), recMean 2.20, recKey buy",razonable,seguimiento,27.74,30.04,27.74 - 30.04,33.84,42.28,33.84 - 42.28,Pérdida del soporte en 27.74 | ROE negativo durante 2 trimestres consecutivos | Ampliación de capital dilutiva | Recorte de rating a bono basura,12-18,"RENAULT está un 39.6% por debajo de su máximo 52s. Fundamentalmente sólida con ROE -40.4%, deuda neta/EBITDA 8.3x. Técnicamente 🟢 Divergencia alcista RSI, 🟢 MACD semanal girando al alza. Clasificación: seguimiento.","RENAULT está un 39.6% por debajo de su máximo 52s. Fundamentalmente sólida con ROE -40.4%, deuda neta/EBITDA 8.3x. Técnicamente 🟢 Divergencia alcista RSI, 🟢 MACD semanal girando al alza. Clasificación: seguimiento.",🟢 Divergencia alcista RSI | 🟢 MACD semanal girando al alza,7.32,7,0,False,68.0,3.16,1392371.0,49989998592.0,8.32,2.6,,19.0,,,-40.4,8707.0,4.1,0.4,9.93,39.6,42.2,-11.2,57.5,False,False,-1.9769,True,92.7,86.2,False,33.69,-10.8,False,False,35,10,0.99,27.74,False
52,TGT,Target Corporation,SP500,Consumer Defensive,Discount Stores,United States,USD,120.45,1.0,script-v2.0,1.0,2026-04-02T09:07:29.182421+02:00,54.4,60.5,92,33,0,4,36,seguimiento,seguimiento,Sin señales de recuperación,True,pass,pendiente,0,desconocido,Pendiente de implementar,ausente,eps_stabilization (media): EPS 2.30 vs 1.51 (Diluted EPS) | dividend_maintained (baja): Dividendo actual 3.79% con caída del 4.4%,incompleto,seguimiento,113.24,114.06,113.24 - 114.06,99.2,107.1,99.20 - 107.10,Pérdida del soporte en 113.24 | ROE negativo durante 2 trimestres consecutivos | Ampliación de capital dilutiva | Recorte de rating a bono basura,6-12,"Target Corporation está un 4.4% por debajo de su máximo 52s. Fundamentalmente sólida con ROE 24.0%, deuda neta/EBITDA 1.8x. Técnicamente 🟢 Cruce alcista MACD, 🟡 trendline_break. Clasificación: seguimiento.","Target Corporation está un 4.4% por debajo de su máximo 52s. Fundamentalmente sólida con ROE 24.0%, deuda neta/EBITDA 1.8x. Técnicamente 🟢 Cruce alcista MACD, 🟡 trendline_break. Clasificación: seguimiento.",🟢 Cruce alcista MACD | 🟡 trendline_break,3.79,11,20,False,55.6,1.26,6458209.0,14802000896.0,1.83,1.2,gross,27.9,28.0,-0.1,24.0,54546.0,14.8,3.37,8.59,4.4,27.0,21.4,60.3,True,False,6.253,False,82.0,82.6,False,100.07,20.4,False,True,30,6,0.74,113.24,True
53,BATS.L,BRITISH AMERICAN TOBACCO PLC OR,EUROSTOXX,Consumer Defensive,Tobacco,United Kingdom,GBp,4313.0,1.0,script-v2.0,1.0,2026-04-02T09:07:09.250817+02:00,51.6,56.9,91,27,0,9,36,pendiente_confirmacion,pendiente_confirmacion,,False,pass,pendiente,0,desconocido,Pendiente de implementar,parcial,eps_stabilization (media): EPS 3.49 vs 1.36 (annual_eps_fallback) | debt_reduction (alta): Deuda 35070.0M vs 35208.0M | dividend_maintained (baja): Dividendo actual 0.06% con caída del 11.6%,incompleto,pendiente_confirmacion,4149.49,4313.0,4149.49 - 4313.00,4134.69,4145.38,4134.69 - 4145.38,Pérdida del soporte en 4149.49 | ROE negativo durante 2 trimestres consecutivos | Ampliación de capital dilutiva | Recorte de rating a bono basura,6-12,"BRITISH AMERICAN TOBACCO PLC OR está un 11.6% por debajo de su máximo 52s. Fundamentalmente aceptable con ROE 15.8%, deuda neta/EBITDA 2.7x. Técnicamente 🟢 Cerca de soporte. Clasificación: pendiente_confirmacion.","BRITISH AMERICAN TOBACCO PLC OR está un 11.6% por debajo de su máximo 52s. Fundamentalmente aceptable con ROE 15.8%, deuda neta/EBITDA 2.7x. Técnicamente 🟢 Cerca de soporte. Clasificación: pendiente_confirmacion.",🟢 Cerca de soporte,0.06,11,20,False,68.8,0.73,4484433.0,31227001088.0,2.66,-0.4,,82.7,,,15.8,93450.0,12.4,203.63,10.65,11.6,11.5,4.3,44.1,False,False,114.5768,False,26.3,40.1,False,4166.66,3.5,False,False,36,0,1.04,4149.49,True
54,GALP.LS,GALP ENERGIA-NOM,EUROSTOXX,Energy,Oil & Gas Integrated,Portugal,EUR,20.35,1.0,script-v2.0,1.0,2026-04-02T09:06:50.266317+02:00,50.8,54.7,100,15,0,6,39,pendiente_confirmacion,pendiente_confirmacion,,False,pass,pendiente,0,desconocido,Pendiente de implementar,parcial,debt_reduction (alta): Deuda 4899.0M vs 4946.0M | dividend_maintained (baja): Dividendo actual 3.19% con caída del 8.6%,incompleto,pendiente_confirmacion,18.8,19.97,18.80 - 19.97,16.85,18.92,16.85 - 18.92,Pérdida del soporte en 19.97 | ROE negativo durante 2 trimestres consecutivos | Ampliación de capital dilutiva | Recorte de rating a bono basura,6-12,"GALP ENERGIA-NOM está un 8.6% por debajo de su máximo 52s. Fundamentalmente aceptable con ROE 23.7%, deuda neta/EBITDA 0.9x. Técnicamente 🟢 Cerca de soporte, 🟢 base_pattern_detected. Clasificación: pendiente_confirmacion.","GALP ENERGIA-NOM está un 8.6% por debajo de su máximo 52s. Fundamentalmente aceptable con ROE 23.7%, deuda neta/EBITDA 0.9x. Técnicamente 🟢 Cerca de soporte, 🟢 base_pattern_detected. Clasificación: pendiente_confirmacion.",🟢 Cerca de soporte | 🟢 base_pattern_detected | 🟡 trendline_break,3.19,10,0,False,40.3,0.95,2389822.0,2229999872.0,0.9,-1.0,gross,29.8,11.1,18.7,23.7,15013.0,12.6,3.39,7.22,8.6,8.6,20.8,52.5,False,False,1.1925,False,19.2,39.2,False,16.92,20.3,True,True,21,18,0.94,19.97,True
55,CB,Chubb Limited,SP500,Financial Services,Insurance - Property & Casualty,Switzerland,USD,327.16,1.0,script-v2.0,1.0,2026-04-02T09:07:32.769492+02:00,49.4,52.2,89,20,0,7,41,pendiente_confirmacion,pendiente_confirmacion,,False,pass,pendiente,0,desconocido,Pendiente de implementar,parcial,margin_stabilization (media): Margen operating 25.9% vs 25.0% (+0.9 pp) | eps_stabilization (media): EPS 8.10 vs 6.99 (Diluted EPS) | dividend_maintained (baja): Dividendo actual 1.19% con caída del 5.4%,incompleto,pendiente_confirmacion,321.09,323.83,321.09 - 323.83,293.82,294.59,293.82 - 294.59,Pérdida del soporte en 321.09 | ROE negativo durante 2 trimestres consecutivos | Ampliación de capital dilutiva | Recorte de rating a bono basura,6-12,"Chubb Limited está un 5.4% por debajo de su máximo 52s. Fundamentalmente aceptable con ROE 14.3%, deuda neta/EBITDA 1.3x. Técnicamente 🟡 MACD convergiendo, 🟢 Cerca de soporte. Clasificación: pendiente_confirmacion.","Chubb Limited está un 5.4% por debajo de su máximo 52s. Fundamentalmente aceptable con ROE 14.3%, deuda neta/EBITDA 1.3x. Técnicamente 🟡 MACD convergiendo, 🟢 Cerca de soporte. Clasificación: pendiente_confirmacion.",🟡 MACD convergiendo | 🟢 Cerca de soporte | 🟡 trendline_break,1.19,11,20,False,14.9,0.31,1775540.0,17574999552.0,1.32,43.3,operating,24.2,22.7,1.5,14.3,127953.0,12.7,1.73,11.4,5.4,5.1,11.1,52.0,False,True,10.4981,False,55.2,48.9,False,295.78,10.6,False,True,35,6,0.79,321.09,True
56,AD.AS,KONINKLIJKE AHOLD DELHAIZE N.V.,EUROSTOXX,Consumer Defensive,Grocery Stores,Netherlands,EUR,41.2,1.0,script-v2.0,1.0,2026-04-02T09:06:37.838672+02:00,48.2,50.7,80,25,0,7,41,pendiente_confirmacion,pendiente_confirmacion,,False,pass,pendiente,0,desconocido,Pendiente de implementar,parcial,margin_stabilization (media): Margen gross 26.8% vs 26.5% (+0.3 pp) | eps_stabilization (media): EPS 0.65 vs 0.60 (Diluted EPS) | dividend_maintained (baja): Dividendo actual 3.54% con caída del 3.1%,incompleto,pendiente_confirmacion,38.75,40.27,38.75 - 40.27,35.82,36.16,35.82 - 36.16,Pérdida del soporte en 40.27 | ROE negativo durante 2 trimestres consecutivos | Ampliación de capital dilutiva | Recorte de rating a bono basura,6-12,"KONINKLIJKE AHOLD DELHAIZE N.V. está un 3.1% por debajo de su máximo 52s. Fundamentalmente aceptable con ROE 15.3%, deuda neta/EBITDA 2.7x. Técnicamente 🟡 MACD convergiendo, 🟢 Cerca de soporte. Clasificación: pendiente_confirmacion.","KONINKLIJKE AHOLD DELHAIZE N.V. está un 3.1% por debajo de su máximo 52s. Fundamentalmente aceptable con ROE 15.3%, deuda neta/EBITDA 2.7x. Técnicamente 🟡 MACD convergiendo, 🟢 Cerca de soporte. Clasificación: pendiente_confirmacion.",🟡 MACD convergiendo | 🟢 Cerca de soporte | 🟡 trendline_break,3.54,10,0,False,47.2,1.3,2230323.0,14726000384.0,2.71,301.1,gross,26.5,26.5,0.0,15.3,36432.0,16.5,2.57,9.42,3.1,3.1,15.0,57.2,False,True,1.6964,False,52.0,32.6,False,35.97,14.5,False,True,35,6,1.16,40.27,True
57,BAYN.DE,Bayer AG                      N,EUROSTOXX,Healthcare,Drug Manufacturers - General,Germany,EUR,40.12,1.0,script-v2.0,1.0,2026-04-02T09:05:55.661588+02:00,48.0,49.3,53,46,0,9,44,pendiente_confirmacion,pendiente_confirmacion,,True,pass,pendiente,0,desconocido,Pendiente de implementar,parcial,margin_stabilization (media): Margen gross 60.6% vs 55.4% (+5.2 pp) | debt_reduction (alta): Deuda 37579.0M vs 40697.0M | dividend_maintained (baja): Dividendo actual 0.27% con caída del 19.4%,incompleto,pendiente_confirmacion,38.46,40.12,38.46 - 40.12,32.84,42.31,32.84 - 42.31,Pérdida del soporte en 38.46 | ROE negativo durante 2 trimestres consecutivos | Ampliación de capital dilutiva | Recorte de rating a bono basura,6-12,"Bayer AG                      N está un 19.4% por debajo de su máximo 52s. Fundamentalmente aceptable con ROE -12.4%, deuda neta/EBITDA 3.4x. Técnicamente 🟢 Cruce alcista MACD, 🟢 Cerca de soporte. Clasificación: pendiente_confirmacion.","Bayer AG                      N está un 19.4% por debajo de su máximo 52s. Fundamentalmente aceptable con ROE -12.4%, deuda neta/EBITDA 3.4x. Técnicamente 🟢 Cruce alcista MACD, 🟢 Cerca de soporte. Clasificación: pendiente_confirmacion.",🟢 Cruce alcista MACD | 🟢 Cerca de soporte,0.27,10,18,True,163.3,1.44,3930483.0,29723001856.0,3.35,-7.7,gross,59.3,58.6,0.7,-12.4,39415.0,8.5,1.52,7.81,19.4,19.4,22.2,52.3,True,False,2.5936,False,88.9,72.6,False,33.22,20.8,False,False,44,0,0.8,38.46,False
58,FDX,FedEx Corporation,SP500,Industrials,Integrated Freight & Logistics,United States,USD,359.31,1.0,script-v2.0,1.0,2026-04-02T09:07:47.743260+02:00,47.1,49.1,87,16,0,12,41,pendiente_confirmacion,pendiente_confirmacion,,False,pass,pendiente,0,desconocido,Pendiente de implementar,confirmada,margin_stabilization (media): Margen gross 21.9% vs 21.1% (+0.8 pp) | eps_stabilization (media): EPS 4.41 vs 4.04 (Diluted EPS) | debt_reduction (alta): Deuda 37766.0M vs 37906.0M | dividend_maintained (baja): Dividendo actual 1.61% con caída del 8.5%,incompleto,pendiente_confirmacion,345.05,356.06,345.05 - 356.06,274.57,333.93,274.57 - 333.93,Pérdida del soporte en 345.05 | ROE negativo durante 2 trimestres consecutivos | Ampliación de capital dilutiva | Recorte de rating a bono basura,6-12,"FedEx Corporation está un 8.5% por debajo de su máximo 52s. Fundamentalmente aceptable con ROE 15.9%, deuda neta/EBITDA 2.7x. Técnicamente 🟡 MACD convergiendo, 🟢 Cerca de soporte. Clasificación: pendiente_confirmacion.","FedEx Corporation está un 8.5% por debajo de su máximo 52s. Fundamentalmente aceptable con ROE 15.9%, deuda neta/EBITDA 2.7x. Técnicamente 🟡 MACD convergiendo, 🟢 Cerca de soporte. Clasificación: pendiente_confirmacion.",🟡 MACD convergiendo | 🟢 Cerca de soporte | 🟡 trendline_break,1.61,11,20,False,30.6,,2020891.0,31196000000.0,2.7,-0.4,gross,27.6,22.1,5.5,15.9,85734.0,19.2,2.88,10.12,8.5,8.2,30.9,52.4,False,True,28.7196,False,43.1,26.6,False,279.58,28.5,False,True,35,6,0.8,345.05,True
59,TTE.PA,TOTALENERGIES,EUROSTOXX,Energy,Oil & Gas Integrated,France,EUR,77.56,1.0,script-v2.0,1.0,2026-04-02T09:06:26.023901+02:00,46.5,53.7,98,15,0,9,25,pendiente_confirmacion,pendiente_confirmacion,,False,pass,pendiente,0,desconocido,Pendiente de implementar,parcial,eps_stabilization (media): EPS 1.30 vs 1.17 (Diluted EPS) | debt_reduction (alta): Deuda 61421.0M vs 63372.0M | dividend_maintained (baja): Dividendo actual 4.38% con caída del 4.6%,incompleto,pendiente_confirmacion,67.28,71.57,67.28 - 71.57,55.88,69.14,55.88 - 69.14,Pérdida del soporte en 71.57 | ROE negativo durante 2 trimestres consecutivos | Ampliación de capital dilutiva | Recorte de rating a bono basura,6-12,"TOTALENERGIES está un 4.6% por debajo de su máximo 52s. Fundamentalmente aceptable con ROE 11.2%, deuda neta/EBITDA 1.0x. Técnicamente 🟡 trendline_break. Clasificación: pendiente_confirmacion.","TOTALENERGIES está un 4.6% por debajo de su máximo 52s. Fundamentalmente aceptable con ROE 11.2%, deuda neta/EBITDA 1.0x. Técnicamente 🟡 trendline_break. Clasificación: pendiente_confirmacion.",🟡 trendline_break,4.38,11,20,False,66.6,0.52,5430386.0,32206999552.0,0.98,-3.1,gross,36.0,28.4,7.5,11.2,165711.0,15.5,1.67,6.13,4.6,4.3,38.8,64.2,False,False,6.0466,False,69.3,88.7,False,56.48,37.3,False,True,19,6,1.08,71.57,True
60,BA.L,BAE SYSTEMS PLC ORD 2.5P,EUROSTOXX,Industrials,Aerospace & Defense,United Kingdom,GBp,2295.0,1.0,script-v2.0,1.0,2026-04-02T09:07:08.882161+02:00,44.0,44.3,95,0,0,9,43,pendiente_confirmacion,pendiente_confirmacion,,False,pass,pendiente,0,desconocido,Pendiente de implementar,parcial,eps_stabilization (media): EPS 0.68 vs 0.64 (annual_eps_fallback) | debt_reduction (alta): Deuda 9159.0M vs 9428.0M | dividend_maintained (baja): Dividendo actual 0.02% con caída del 2.8%,incompleto,pendiente_confirmacion,2072.6,2107.63,2072.60 - 2107.63,1909.88,2006.0,1909.88 - 2006.00,Pérdida del soporte en 2072.60 | ROE negativo durante 2 trimestres consecutivos | Ampliación de capital dilutiva | Recorte de rating a bono basura,6-12,"BAE SYSTEMS PLC ORD 2.5P está un 2.8% por debajo de su máximo 52s. Fundamentalmente aceptable con ROE 18.1%, deuda neta/EBITDA 1.6x. Técnicamente 🟡 MACD convergiendo, 🟢 base_pattern_detected. Clasificación: pendiente_confirmacion.","BAE SYSTEMS PLC ORD 2.5P está un 2.8% por debajo de su máximo 52s. Fundamentalmente aceptable con ROE 18.1%, deuda neta/EBITDA 1.6x. Técnicamente 🟡 MACD convergiendo, 🟢 base_pattern_detected. Clasificación: pendiente_confirmacion.",🟡 MACD convergiendo | 🟢 base_pattern_detected | 🟡 trendline_break,0.02,10,0,False,50.1,0.77,7621901.0,5690000128.0,1.59,-2.9,,13.2,,,18.1,67291.0,33.8,582.93,20.78,2.8,2.8,20.2,60.1,False,True,112.9257,False,80.1,53.7,False,1916.53,19.7,True,True,25,18,1.08,2072.6,True
61,DB1.DE,DEUTSCHE BOERSE AG            N,EUROSTOXX,Financial Services,Financial Data & Stock Exchanges,Germany,EUR,250.8,1.0,script-v2.0,1.0,2026-04-02T09:06:05.187327+02:00,43.0,44.3,95,0,0,9,39,pendiente_confirmacion,pendiente_confirmacion,,False,pass,pendiente,0,desconocido,Pendiente de implementar,parcial,margin_stabilization (media): Margen gross 55.0% vs 45.2% (+9.8 pp) | debt_reduction (alta): Deuda 8135.0M vs 9583.0M | dividend_maintained (baja): Dividendo actual 1.67% con caída del 14.8%,incompleto,pendiente_confirmacion,227.38,234.95,227.38 - 234.95,234.16,250.16,234.16 - 250.16,Pérdida del soporte en 234.95 | ROE negativo durante 2 trimestres consecutivos | Ampliación de capital dilutiva | Recorte de rating a bono basura,6-12,"DEUTSCHE BOERSE AG            N está un 14.8% por debajo de su máximo 52s. Fundamentalmente aceptable con ROE 18.2%, deuda neta/EBITDA 1.7x. Técnicamente 🟡 MACD convergiendo, 🟢 base_pattern_detected. Clasificación: pendiente_confirmacion.","DEUTSCHE BOERSE AG            N está un 14.8% por debajo de su máximo 52s. Fundamentalmente aceptable con ROE 18.2%, deuda neta/EBITDA 1.7x. Técnicamente 🟡 MACD convergiendo, 🟢 base_pattern_detected. Clasificación: pendiente_confirmacion.",🟡 MACD convergiendo | 🟢 base_pattern_detected | 🟡 trendline_break,1.67,10,0,False,36.8,0.69,560959.0,5260000000.0,1.67,-15.1,gross,81.2,53.7,27.4,18.2,45965.0,23.1,4.04,16.32,14.8,14.1,7.1,66.2,False,True,2.5533,False,88.1,81.9,False,232.91,7.7,True,True,21,18,0.8,234.95,True
62,ASML.AS,ASML HOLDING,EUROSTOXX,Technology,Semiconductor Equipment & Materials,Netherlands,EUR,1187.6,1.0,script-v2.0,1.0,2026-04-02T09:06:31.650306+02:00,42.9,45.5,94,3,0,7,35,pendiente_confirmacion,pendiente_confirmacion,,False,pass,pendiente,0,desconocido,Pendiente de implementar,parcial,margin_stabilization (media): Margen gross 52.2% vs 51.6% (+0.5 pp) | eps_stabilization (media): EPS 7.34 vs 6.00 (Diluted EPS) | dividend_maintained (baja): Dividendo actual 0.91% con caída del 9.5%,incompleto,pendiente_confirmacion,1131.24,1187.6,1131.24 - 1187.60,901.5,1115.88,901.50 - 1115.88,Pérdida del soporte en 1131.24 | ROE negativo durante 2 trimestres consecutivos | Ampliación de capital dilutiva | Recorte de rating a bono basura,6-12,"ASML HOLDING está un 9.5% por debajo de su máximo 52s. Fundamentalmente aceptable con ROE 50.5%, deuda neta/EBITDA -0.7x. Técnicamente 🟡 MACD convergiendo, 🟢 Cerca de soporte. Clasificación: pendiente_confirmacion.","ASML HOLDING está un 9.5% por debajo de su máximo 52s. Fundamentalmente aceptable con ROE 50.5%, deuda neta/EBITDA -0.7x. Técnicamente 🟡 MACD convergiendo, 🟢 Cerca de soporte. Clasificación: pendiente_confirmacion.",🟡 MACD convergiendo | 🟢 Cerca de soporte,0.91,11,20,False,26.5,0.24,745424.0,-8631699456.0,-0.7,73.4,gross,52.8,52.6,0.2,50.5,460964.0,48.1,23.34,36.61,9.5,9.5,31.7,52.0,False,True,96.1565,False,68.1,34.7,False,910.95,30.4,False,False,35,0,0.91,1131.24,True
63,ENI.MI,ENI,EUROSTOXX,Energy,Oil & Gas Integrated,Italy,EUR,23.675,1.0,script-v2.0,1.0,2026-04-02T09:06:38.208071+02:00,41.6,47.2,84,15,0,6,25,pendiente_confirmacion,pendiente_confirmacion,,False,pass,pendiente,0,desconocido,Pendiente de implementar,parcial,debt_reduction (alta): Deuda 34202.0M vs 34676.0M | dividend_maintained (baja): Dividendo actual 4.56% con caída del 5.1%,incompleto,pendiente_confirmacion,19.78,22.07,19.78 - 22.07,16.04,21.22,16.04 - 21.22,Pérdida del soporte en 22.07 | ROE negativo durante 2 trimestres consecutivos | Ampliación de capital dilutiva | Recorte de rating a bono basura,6-12,"ENI está un 5.1% por debajo de su máximo 52s. Fundamentalmente aceptable con ROE 5.1%, deuda neta/EBITDA 1.6x. Técnicamente 🟡 trendline_break. Clasificación: pendiente_confirmacion.","ENI está un 5.1% por debajo de su máximo 52s. Fundamentalmente aceptable con ROE 5.1%, deuda neta/EBITDA 1.6x. Técnicamente 🟡 trendline_break. Clasificación: pendiente_confirmacion.",🟡 trendline_break,4.56,11,20,False,130.8,0.65,12725926.0,19110999040.0,1.57,-1.4,gross,20.2,9.4,10.8,5.1,69632.0,30.4,1.63,7.7,5.1,5.1,47.6,64.9,False,False,2.1807,False,60.6,84.9,False,16.33,45.0,False,True,19,6,1.04,22.07,True
64,RTX,RTX Corporation,SP500,Industrials,Aerospace & Defense,United States,USD,194.72,1.0,script-v2.0,1.0,2026-04-02T09:07:49.816194+02:00,40.6,42.5,91,0,0,6,35,pendiente_confirmacion,pendiente_confirmacion,,False,pass,pendiente,0,desconocido,Pendiente de implementar,parcial,debt_reduction (alta): Deuda 39956.0M vs 40709.0M | dividend_maintained (baja): Dividendo actual 1.40% con caída del 9.2%,incompleto,pendiente_confirmacion,192.56,194.72,192.56 - 194.72,173.16,182.32,173.16 - 182.32,Pérdida del soporte en 192.56 | ROE negativo durante 2 trimestres consecutivos | Ampliación de capital dilutiva | Recorte de rating a bono basura,6-12,"RTX Corporation está un 9.2% por debajo de su máximo 52s. Fundamentalmente aceptable con ROE 11.0%, deuda neta/EBITDA 2.2x. Técnicamente 🟡 MACD convergiendo, 🟢 Cerca de soporte. Clasificación: pendiente_confirmacion.","RTX Corporation está un 9.2% por debajo de su máximo 52s. Fundamentalmente aceptable con ROE 11.0%, deuda neta/EBITDA 2.2x. Técnicamente 🟡 MACD convergiendo, 🟢 Cerca de soporte. Clasificación: pendiente_confirmacion.",🟡 MACD convergiendo | 🟢 Cerca de soporte,1.4,11,20,False,53.8,0.6,6328968.0,32521000960.0,2.21,-1.8,gross,20.1,20.1,-0.0,11.0,262088.0,39.2,4.01,20.07,9.2,9.2,12.5,45.3,False,True,9.4295,False,39.2,25.8,False,175.31,11.1,False,False,35,0,0.9,192.56,True
65,SRG.MI,SNAM,EUROSTOXX,Utilities,Utilities - Regulated Gas,Italy,EUR,6.526,1.0,script-v2.0,1.0,2026-04-02T09:06:41.301143+02:00,40.5,42.0,74,14,0,9,36,pendiente_confirmacion,pendiente_confirmacion,,False,pass,pendiente,0,desconocido,Pendiente de implementar,parcial,margin_stabilization (media): Margen gross 168.3% vs 109.7% (+58.6 pp) | debt_reduction (alta): Deuda 19535.0M vs 19989.0M | dividend_maintained (baja): Dividendo actual 4.60% con caída del 2.0%,incompleto,pendiente_confirmacion,6.25,6.26,6.25 - 6.26,5.47,5.66,5.47 - 5.66,Pérdida del soporte en 6.26 | ROE negativo durante 2 trimestres consecutivos | Ampliación de capital dilutiva | Recorte de rating a bono basura,6-12,"SNAM está un 2.0% por debajo de su máximo 52s. Fundamentalmente aceptable con ROE 13.9%, deuda neta/EBITDA 5.9x. Técnicamente 🟡 MACD convergiendo, 🟢 Cerca de soporte. Clasificación: pendiente_confirmacion.","SNAM está un 2.0% por debajo de su máximo 52s. Fundamentalmente aceptable con ROE 13.9%, deuda neta/EBITDA 5.9x. Técnicamente 🟡 MACD convergiendo, 🟢 Cerca de soporte. Clasificación: pendiente_confirmacion.",🟡 MACD convergiendo | 🟢 Cerca de soporte | 🟡 trendline_break,4.6,11,20,False,78.9,2.11,7673378.0,17493999616.0,5.93,-2.3,gross,86.8,138.9,-52.1,13.9,21891.0,17.6,2.66,13.38,2.0,2.0,19.2,58.4,False,True,0.3501,False,74.9,79.3,False,5.53,18.0,False,True,30,6,0.76,6.26,True
66,GOOG,Alphabet Inc.,SP500,Communication Services,Internet Content & Information,United States,USD,294.9,1.0,script-v2.0,1.0,2026-04-02T09:08:17.755265+02:00,39.8,43.1,74,16,0,7,30,pendiente_confirmacion,pendiente_confirmacion,,False,pass,pendiente,0,desconocido,Pendiente de implementar,parcial,"margin_stabilization (media): Margen gross 59.8% vs 59.6% (+0.2 pp) | dividend_maintained (baja): Dividendo actual 0.28% con caída del 15.8% | analyst_upgrade (media): Target 359.53 vs precio 294.90 (+22%), recMean 1.37, recKey strong_buy",incompleto,pendiente_confirmacion,273.61,294.9,273.61 - 294.90,264.58,297.63,264.58 - 297.63,Pérdida del soporte en 273.61 | ROE negativo durante 2 trimestres consecutivos | Ampliación de capital dilutiva | Recorte de rating a bono basura,6-12,"Alphabet Inc. está un 15.8% por debajo de su máximo 52s. Fundamentalmente aceptable con ROE 35.7%, deuda neta/EBITDA -0.4x. Técnicamente 🟡 MACD convergiendo. Clasificación: pendiente_confirmacion.","Alphabet Inc. está un 15.8% por debajo de su máximo 52s. Fundamentalmente aceptable con ROE 35.7%, deuda neta/EBITDA -0.4x. Técnicamente 🟡 MACD convergiendo. Clasificación: pendiente_confirmacion.",🟡 MACD convergiendo,0.28,3,3,False,7.7,0.16,22411400.0,-59847004160.0,-0.4,98.7,gross,59.7,59.6,0.0,35.7,3567405.0,27.3,8.58,23.36,15.8,15.7,11.5,47.4,False,True,10.606,False,59.6,34.2,False,270.07,9.2,False,False,30,0,1.25,273.61,False
67,FORTUM.HE,Fortum Corporation,EUROSTOXX,Utilities,Utilities - Renewable,Finland,EUR,21.83,1.0,script-v2.0,1.0,2026-04-02T09:06:50.730365+02:00,39.6,40.8,84,3,0,7,36,pendiente_confirmacion,pendiente_confirmacion,,False,pass,pendiente,0,desconocido,Pendiente de implementar,parcial,margin_stabilization (media): Margen gross 40.6% vs 40.6% (+0.0 pp) | eps_stabilization (media): EPS 0.27 vs 0.12 (Diluted EPS) | dividend_maintained (baja): Dividendo actual 3.39% con caída del 3.6%,incompleto,pendiente_confirmacion,19.67,19.78,19.67 - 19.78,17.17,19.25,17.17 - 19.25,Pérdida del soporte en 19.78 | ROE negativo durante 2 trimestres consecutivos | Ampliación de capital dilutiva | Recorte de rating a bono basura,6-12,"Fortum Corporation está un 3.6% por debajo de su máximo 52s. Fundamentalmente aceptable con ROE 8.6%, deuda neta/EBITDA 1.6x. Técnicamente 🟢 Cruce alcista MACD, 🟡 trendline_break. Clasificación: pendiente_confirmacion.","Fortum Corporation está un 3.6% por debajo de su máximo 52s. Fundamentalmente aceptable con ROE 8.6%, deuda neta/EBITDA 1.6x. Técnicamente 🟢 Cruce alcista MACD, 🟡 trendline_break. Clasificación: pendiente_confirmacion.",🟢 Cruce alcista MACD | 🟡 trendline_break,3.39,11,20,False,105.9,0.57,1487355.0,1967000064.0,1.61,2.8,gross,41.9,42.1,-0.3,8.6,19587.0,25.7,2.29,17.34,3.6,0.2,27.1,65.8,True,False,1.1771,False,97.5,82.4,False,17.3,26.2,False,True,30,6,0.47,19.78,True
